docdb_family_id,stratum,score,neuro,ml,verdict,title,abstract
15559952,0,0.0001,0,0,NOT_NOML,SOLAR HEAT COLLECTING SYSTEM,"PURPOSE:To make it possible to obtain hot air for heating even when insolation is low to allow operation with quick rise-up, by making arrangement such that the heating medium passages may be switched by the change-over valves provided on the upstream and downstream sides of the solar heat collector and by using one of the heating medium passages as the room-heating hot air passage. CONSTITUTION:Three-way valves 2 are connected to the upstream and downstream sides of the solar heat collector 1, said three-way valves 2 being connected to an air pump 3, hot air passage of an air tank 4, water pump 5 and hot water passage of a hot water reservoir 6. Hot air from the air tank 4 is circulated in the room 15 through valves 17 and a fan 14. When insolation is low in winter, the air pump 3 and fan 14 are operated to heat air to supply hot air into the room 15. When insolation is high, the three-way valves 2 are switched to operate the water pump 5 to effect water heating and the air in the air tank 4 is heated by high- temperature water in the hot water reservoir 6 to obtain hot air. In the summer season, water heating is performed and heated water is sent as heat source from the hot water reservoir 6 to an absorption type refregerator 22 by a pump 24."
6383932,0,9.9e-05,0,0,NOT_NOML,"Prodn. of mist at floor lever - involves evaporator, outlet, gas source, pressure pipe and pressurised gas bottle","The floor-mist-prodn. machine for discotheques, theatres, etc. incorporates a mist-generation chamber (7) in which a fluid is evaporated. The mist-outlet (8) is next to a gas-source (5, 6, 9, 6a, 9a) which mixes a gas with the mist (N) through a pressure-pipe (2) connected to a pressurised gas bottle (1). The specific gravity of the gas is greater at room temp. than that of air. A jet incorporates a pipe (6) with nozzle-holes in and concentric with the mist-outlet (8). USE/ADVANTAGE - The floor mist machine is simple to use and ejects large quantities of mist."
48050713,0,9.8e-05,0,0,NOT_NOML,ALKALI-METAL-CARBONATE-CONTAINING NITRATE SALT COMPOSITIONS AND USE THEREOF AS HEAT TRANSFER MEDIUM OR HEAT STORAGE MEDIUM,"The invention relates to a nitrate salt composition, containing as the essential constituents A) an alkali metal nitrate and optionally an alkali metal nitrite in a total amount in the range of 90 to 99.84% by weight, and B) an alkali metal compound selected from the group comprising B1) alkali metal oxide, B2) alkali metal carbonate, B3) alkali metal compound that decomposes in the temperature range of 250°C to 600°C to form alkali metal oxide or alkali metal carbonate, B4) alkali metal hydroxide MetOH, in which Met denotes lithium, sodium, potassium, rubidium, caesium, B5) alkali metal peroxide Met2O2, in which Met denotes lithium, sodium, potassium, rubidium, caesium, and B6) alkali metal superoxide MetO2, in which Met denotes sodium, potassium, rubidium, caesium in a total amount in the range of 0.16 to 10% by weight, the percentages being relative to the nitrate salt composition."
96084210,0,9.5e-05,0,0,NOT_NOML,Harmful gas treatment equipment for environmental protection engineering,"The utility model relates to the technical field of harmful gas treatment, in particular to harmful gas treatment equipment for environmental protection engineering. The harmful gas treatment equipment for the environmental protection engineering comprises a gas inlet pipe, a filter bin, a U-shaped connecting plate, activated carbon filter plates and the like, the filter bin is connected to the rear side of the gas inlet pipe, a plurality of activated carbon filter plates which are uniformly distributed along a straight line at intervals are inserted into the filter bin, and the U-shaped connecting plate is clamped at the upper ends of the activated carbon filter plates. The dust falling mechanism is arranged, the water pump runs to convey water into the atomizing spray head, the water is atomized into water mist through the atomizing spray head and sprayed into the air inlet pipe, the water mist makes contact with dust in harmful gas, dust falling of the harmful gas is achieved, and therefore most of the dust is removed, the follow-up burden of the activated carbon filter plate is relieved, and the service life of the dust falling device is prolonged. The problems that the utilization rate of a filter screen and an activated carbon plate is reduced, and the cleaning and replacing frequency of the filter screen and the activated carbon plate is increased are effectively solved."
41023998,0,9.3e-05,0,0,NOT_NOML,METHOD FOR PRODUCTION OF INGOTS AND CAST ARTICLES OUT OF INTERMETALLIC ALLOYS,"FIELD: technological processes. ^ SUBSTANCE: invention is related to manufacturing of ingots and cast articles out of intermetallic alloys based on titanium and aluminium. Method includes melting of initial charge in crucible and further crystallisation of melt in mold, made of aluminium nitride or lined with aluminium nitride inside, at that melt crystallisation is carried out in atmosphere of inertial gas, for instance argon with dew point of not more than minus 70 C. ^ EFFECT: improved quality of ingots and articles due to reduction of common oxygen content, and lower production costs. ^ 3 cl, 2 tbl, 3 ex"
68804825,0,9.2e-05,0,0,NOT_NOML,Clean and environment-friendly fuel gas combined cooling heating and power heating system,"The utility model discloses a clean and environment-friendly gas combined cooling, heating and power heating system which comprises a gas-steam combined circulation system, a cooling and heating circulation system, a floor heating water pipe, a water distributor and a water collector. A water inlet and a plurality of water outlets are formed in the tank body of the water distributor; a metal filter screen is arranged on one side of the water outlet close to the tank body; a water outlet cleaning device is arranged in the water distributor; the water outlet cleaning device comprises a rotatingrod and a cleaning rod; the rotating rod is rotationally arranged in the tank body of the water segregator; a cleaning rod is fixedly arranged at the position, corresponding to the water outlet, of the rotating rod. Cleaning parts are arranged at the ends, away from the rotating rods, of the cleaning rods. When the cleaning rod rotates to the position of the water outlet, the cleaning part is in contact with the metal filter screen; according to the technical scheme, the problem that after a water distributor in an existing fuel gas combined cooling heating and power system is used for a period of time, due to the fact that impurities in water easily block water outlets, partial pressure on the water outlets is different, and dispersion efficiency is affected is solved."
27705977,0,8.9e-05,0,0,NOT_NOML,Surface Treating Composition of Metal and Method of Manufacturing the Same,"PURPOSE: A composition for treating the surface of a metal is provided which is corrosion resistant to a galvanized steel sheet, has economic feasibility to a commercialization level, and does not contain chromium for environmental friendliness, and a method for manufacturing the composition is provided. CONSTITUTION: The composition for treating the surface of a metal comprises 95 to 60 wt.% of resin in which aqueous organic resin and inorganic metal sol are coupling bonded in a solid ratio of 80:20 to 30:70; 1 to 10 wt.% of corrosion resistant rust inhibitor; and 0.5 to 10 wt.% of organic metallic complex compound, wherein the aqueous organic resin includes a hydroxy group or a carboxyl group, and is at least one or more resins selected from the group consisting of aqueous acrylic polymer resin, aqueous alkyd resin, water dispersed urethane resin and water dispersed epoxy resin, the inorganic metal sol is at least one or more sols selected from the group consisting of alumina sol, silica sol, titania sol and zirconia sol, the composition further comprises anti-foam agent and surface tension adjusting agent, and solid content of the composition is in the range of 5 to 20 wt.%. The method for manufacturing the composition for treating the surface of a metal comprises the steps of preparing an aqueous organic resin; preparing an organic-inorganic composite resin by coupling bonding the aqueous organic resin and inorganic metal sol in a solid content ratio of 80:20 to 30:70 under the existence of a coupling agent ranging from 0.005 to 5 wt.% based on the total amount of reactants; and mixing 95 to 60 wt.% of the obtained organic-inorganic composite resin, 1 to 10 wt.% of metal corrosion resistant rust inhibitor, and 0.5 to 10 wt.% of an organic metal based compound."
46368943,0,8.9e-05,0,0,NOT_NOML,"Glass door plate with frame hiding structure, and integrated cabinet formed by glass door plate","The utility model discloses a glass door plate with a frame hiding structure, and an integrated cabinet formed by the glass door plate. The glass door plate mainly comprises a frame (3) made of an aluminum material (1) and a glass panel (2) embedded on the frame (3), wherein the glass panel (2) is connected with the frame (3) to form an integrated structure. The integrated cabinet formed by the glass door plate with the frame hiding structure comprises a tabletop (8) formed by the glass panel (2) embedded on the frame (3), a cabinet body (9) and cabinet doors (10), wherein the tabletop (8) is connected to the upper surface of the cabinet body (9); the cabinet doors (10) are connected to the front end of the side wall of the cabinet body (9), and can rotate around connection shafts; and a cavity capable of accommodating objects is formed inside the cabinet door (9). The glass door plate and the integrated cabinet have simple structures, are waterproof, fireproof, firm, durable and environment-friendly, and are favorable for health."
42349494,0,8.7e-05,0,0,NOT_NOML,"EXPANSION VALVE MECHANISM, AND AIR CONDITIONER INSTALLED WITH THE SAME","<P>PROBLEM TO BE SOLVED: To provide an inexpensively manufacturable expansion valve mechanism and a refrigeration cycle device equipped with it without complicating a configuration. <P>SOLUTION: In the expansion valve mechanism 100, a valve element passage 102 passing fluid flowing in from a first fluid inlet 111 or a second fluid inlet 116, and a recessed part 121 provided on a trailing edge of the valve element passage 102 and controlling communication of the valve element passage 102 with a branch passage following movement of a movable valve element 101 are formed in the movable valve element 101. <P>COPYRIGHT: (C)2010,JPO&INPIT"
14791938,0,8.6e-05,0,0,NOT_NOML,COLD-CURABLE ORGANOPOLYSILOXANE COMPOSITION HAVING PROLONGED SHELF LIFE,"PURPOSE:To provide the composition which is useful as a sealing agent for buildings with high workability by using diorganopolysiloxane having hydroxyls on both molecular chain terminals, aminoxy group-bearing nitrogen-containing organosilicon compound, calcium carbonate and organopoly-siloxane. CONSTITUTION:The objective cold-curable organopolysiloxane composition having prolonged shelf life is obtained by using (A) 100 pts.wt. of diorganopolysiloxane bearing hydroxyls on both molecular chain terminals, (B) 0.1 to 30 pts.wt. of nitrogen-containing organosilicon compound which has 2.0 or more substituted aminoxy groups bonding to silicon atoms on the average where the substituted aminoxy groups are at least one selected from the groups of formula I (R<1>, R<2> are monovalent hydrocarbon) and formula II (R<3> is divalent organic group), (C) 1 to 200 pts.wt. of calcium carbonate and (D) 1 to 50 pts.wt. of at least one selected from cyclic organopolysiloxanes of formula III (n is integer of 3 to 10) and straight-chain organopolysiloxanes of formula IV (n is integer of 0 to 8)."
12079330,0,8.5e-05,0,0,NOT_NOML,HEATING DEVICE,"PURPOSE:To provide a heating device to improve durability and thermal stability of a refrigerant by a method wherein the limit degree of heating at a refrigerant heater outlet is set and a combustion amount is controlled by the degree of superheat at the limit, in a heating device wherein a refrigerant is heated by means of combustion gas and the condensation heat of the refrigerant is used for heating. CONSTITUTION:A heating device comprises a computing comparing part 9 to compare the degree of superheat, determined as a difference between temperature obtained by a temperature detecting means 5 arranged at the outlet of a refrigerant heater 2 and a refrigerant saturated temperature determined from a refrigerant pressure detecting means 6 arranged at the outlet of the refrigerant heater 2, with the limit degree of superheat; and a control device 7 consisting of a pump control part 10 to control a flow rate of a refrigerant circulating pump 4 and a combustion control part 11, whereby local superheat of the refrigerant heater 2 is prevented from occurring and heat stability of a refrigerant is also improved."
32540515,0,8.4e-05,0,0,NOT_NOML,Calculating or Computing Machine,"28,737. Fairweather, W., [Shattuck Manufacturing Co.]. Dec. 30. Calculating- apparatus.-In calculating - apparatus, which may be used in combination with, or independently of, a printing-apparatus, the recording and printing wheels 16, 17 are operated by inserting, opposite a number on the face-plate, Fig. 1, a stylus or tool through the slots 11 to engage with the helical groove in the corresponding roller 10. Upon pulling the stylus towards the front of the machine to perform an addition, the spring- pressed shaft 7 is first moved longitudinally to disengage its Geneva or other stop gearing 18, 19, 20, 21 from that of the shafts a recording tower denominations, and is then rotated, while a number is subtracted by inserting the stylus opposite one of the numbers arranged in reverse order at the right of the face-plate, Fig. 1, unlocking the shaft 7 by pressing the end projecting at the back of the machine, and pushing the stylus toward the rear end of the slot 11. The separate items to be lifted or added are respectively indicated and printed by wheels 24, 25 mounted on a sleeve 23, and the totals are indicated and printed by wheels 16, 17 on the shaft 7. To allow of the item wheels 24, 25 turning with the shafts 7 at each operation and then being re-set at zero, the wheel 25 is formed with a projection 26, Fig. 8, which engages a recess 27 in the wheel 17 when the shaft is moved longitudinally by the stylus, the toothed plate 28, which normally locks the sleeve 23, being simultaneously released. The subsequent re-setting of the item wheels to zero is effected by cams 34 on the sleeves operated by projections on a plate 35 while the printing carriage is being moved back to its original position, the locking-plate 28 being temporarily released by an arm moving in a cam-slot in the rack-bar 107. During these operations, the total wheels 16, 17 remain in the position to which they have been turned until the total amount is listed, after which they may be re-set to zero by the engagement of plates operated by the fingerpieces 54 with spiral cams 49 on the shafts 7, the item wheels 25 being temporarily held clear of the total wheels 17 by a plate 56 operated by the finger-piece 58. The printing-carriage 61 carrying the paper ribbon is pivoted upon the shaft 40, and is moved forwards and back over the printing- wheels by a rotary cam-shaft 68 actuated by the rack-bar 107, the cams 87 depressing the platen 80 to make the impression during the forward movement, and tilting it into an inoperative position during the return movement of the carriage. When all the items have been listed, the platen 80 is shifted by means of the lugs 68<1> on the shaft 65 so as to bring it over the total-printing wheels 17, and the totals are printed upon again operating the rack-bar 107. The adjustment of the platen relatively to the ribbon is effected by gearing engaging with a rack formed on the plate 74 which carries the platen, and the ribbon is fed by the rollers 95. Hooks and lugs 104 normally lock the carriage in printing-position while allowing it to be turned back on the pivot 40. The removable bottom 3 of the casing 2 is provided with india-rubber feet, strips, or their equivalent 5 to prevent the machine from slipping upon the table or support."
46944922,0,8.4e-05,0,0,NOT_NOML,Reinforced composite calcium carbonate special for polyvinyl chloride sections,"The invention discloses reinforced composite calcium carbonate special for polyvinyl chloride sections. The reinforced composite calcium carbonate comprises, by weight, 90-120 parts of calcium carbonate, 5-11 parts of polyvinyl chloride function regulators and 1.5-2 parts of stearic acid, and is prepared by the mixing process. The reinforced composite calcium carbonate special for the polyvinyl chloride sections has the advantages of reasonable conception, standard process, operational simplicity, low cost and no pollution, can be used for increasing strength of polyvinyl chloride sections and enable product cost to be lowered when used for production of the polyvinyl chloride sections, and the like. Besides, the reinforced composite calcium carbonate special for the polyvinyl chloride sections can be produced in batch within a short time, and accordingly can be applied to the field of production of the polyvinyl chloride sections widely."
81266145,0,8.4e-05,0,0,NOT_NOML,Urban office building glass auxiliary device suitable for weather often accompanied by sand storm,"The invention relates to the technical field of doors and windows of office buildings, and discloses a glass auxiliary device suitable for urban office buildings often accompanied by sand storms.The glass auxiliary device comprises a shell, a connecting shaft is movably connected to the interior of the shell, a bearing piece is slidably connected to the bottom of the shell, and a sliding groove is formed in the inner side wall of the shell; a connecting plate is movably connected into the sliding groove, and an auxiliary part is movably connected to the surface of the sliding groove and located on the surface of the connecting plate. The initial force for closing the folding frame is the accumulation amount of sand and dust in the sand storm, the accumulation amount of the sand and dust is related to the air volume of the sand storm, when the sand storm stops, the sand storm is sprayed out by the gas in the extruded gas storage plate, at the moment, the movable plate is pushed to move upwards under the action of self-elasticity, the movable plate moves to generate vibration, and the sand storm is stopped. Dust on the sliding plate can be shaken off through vibration, that is, the folding frame is folded again, and therefore the effect that the air volume is reduced or the window is closed according to the sand storm to prevent sand dust from entering a room is achieved."
26371108,0,8.2e-05,0,0,NOT_NOML,MATERIAL SHIELDING ULTRAVIOLET RAYS AND INFRARED RAYS AND MATERIAL SHIELDING INFRARED RAYS,"PURPOSE:To attain excellent shielding effect by a single layer formed from one kind of powder with a simple method to facilitate the formation of a layer having large area by incorporating a solvent with an organic resin and zinc oxide powder containing a specific metal such as Si at a specific ratio. CONSTITUTION:Zinc oxide powder containing 0.1-25atom% (based on the total metal) of one or more metals selected from Si, Ti, V, Cr, Mn, Fe, Cu, Ga, Ge, Zr, In, Sn and Hf in total is used as powder for shielding ultraviolet rays and infrared rays or powder for shielding infrared rays. The powder and a soluble or dispersible organic resin are added to a solvent and the obtained shielding film-forming material is formed in the form of a film or a molded article by a simple forming process capable of easily forming a large-area product such as coating or molding. The produced film or molded article is applied to a glass, etc., to obtain a shielding material reflecting ultraviolet rays and infrared rays, especially near infrared rays by a single layer."
32766951,0,8.2e-05,0,0,NOT_NOML,SHUTTER VALVE SHAFT FOR INTAKE MANIFOLD,"<P>PROBLEM TO BE SOLVED: To provide a shutter valve shaft for an intake manifold with advantages such as easy machinability, high accuracy in each part, light weight and low costs. <P>SOLUTION: (1) The shaft is made of metal, and a sliding part and a lever part are made of a resin. (2) The lever part is made of metal, and the shaft and the sliding part are made of the resin. (3) The shaft, sliding part and lever part are all made of the resin. The shaft is provided with a reinforcing plate. The resin is a mixture of nylon and glass fibers. A mixing ratio of the nylon and glass fibers is the ratio of seven to three in a weight ratio. A vertical section of the shaft is made in quadrangle. <P>COPYRIGHT: (C)2004,JPO&NCIPI"
39983545,0,8.2e-05,0,0,NOT_NOML,POLYOXYMETHYLENE RESIN COMPOSITION AND MOLDED ARTICLE THEREFROM,"<P>PROBLEM TO BE SOLVED: To provide a polyoxymethylene resin composition where secondary contraction of a polyoxymethylene homopolymer is improved without detriment to mechanical properties and sliding performances. <P>SOLUTION: The polyoxymethylene resin composition comprises (A1) a polyoxymethylene homopolymer, (A2) a polyoxymethylene block polymer and (A3) a polyoxymethylene block copolymer, with a weight ratio of ((A1)+(A2))/(A3) within the range of 95/5-20/80, (B) a lubricant and (C) an inorganic filler. <P>COPYRIGHT: (C)2009,JPO&INPIT"
65143322,0,8.2e-05,0,0,NOT_NOML,Heat dissipating device of skid steer loader,"The invention discloses a heat dissipating device of a skid steer loader. The heat dissipating device comprises a radiator and a cooling fan, and the radiator is hinged to a body frame on one side ofthe skid steer loader through a hinge; the radiator is connected to a body frame on the other side of the skid steer loader through a separable locking mechanism, and the locking connection and swingopening of the radiator on the body frames are achieved through the locking mechanism; the cooling fan is fixedly installed between an engine of the skid steer loader and the radiator, and the air inlet end of the cooling fan faces the engine; and the air outlet end of the cooling fan is in butt joint with a heat dissipating channel of the radiator movably. According to the heat dissipating deviceof the skid steer loader, the maintenance performance of the skid steer loader is improved, and the radiator is connected in a hinged manner; through swinging of the radiator, a space is provided formaintenance personnel to come in contact with the engine and other components, and the maintenance performance of the product is improved; the maintenance time is shortened, and the structure of thewhole heat dissipating device has the advantages of convenient operation, safety and reliability, and the simple mechanism."
58947133,0,8.1e-05,0,0,NOT_NOML,Carbon dioxide copolymer polyalcohol-based polyurethane floor paving material and preparation method thereof,"The invention provides a carbon dioxide copolymer polyalcohol-based polyurethane floor paving material. The carbon dioxide copolymer polyalcohol-based polyurethane floor paving material is prepared from the following component raw materials in parts by weight: 150 to 200 parts of carbon dioxide copolymer polyalcohol, 150 to 200 parts of diisocyanate, 10 to 60 parts of pore opening agent, 5 to 20 parts of chain extender, 0.1 to 1 part of water, 0.2 to 1 part of organic metal catalyst, 0.4 to 1 part of organic amine catalyst and 0.5 to 1.5 parts of foam stabilizer. The carbon dioxide copolymer polyalcohol-based polyurethane floor paving material has the advantages that under the synergistic action of components containing special content, the size stability is excellent; the mechanical property is excellent; shown by experiment results, after the floor paving material is placed for one week, the volume shrinkage rate is 0%; the tensile intensity is 1.58 to 2MPa, the elongation at break is 128 to 226%, the tear strength is 8.9 to 13.3KN/m, and the hardness is 40 to 48 Shore A."
63574869,0,8.1e-05,0,0,NOT_NOML,Method for synthesizing environmentally friendly binder for buildings,"The invention provides a method for synthesizing an environmentally friendly binder for buildings. Polyester polyol, isocyanate and a chain extender are synthesized into polyurethane in one step, andpolyacrylic acid is grafted under ultraviolet light irradiation to form a polyacrylic acid hydrophilic layer on the surface of the polyurethane. An initiation active center is present at the interfacebetween the polymer and a grafting monomer, and the hydrophilicity of the surface is enhanced without destroying properties of the main body. The ultraviolet radiation is adopted, equipment is simpleand easy to control, energy is greatly saved and the cost is reduced. The product does not contain formaldehyde and is used as a binder for building materials without causing pollution during use. The binder is an environmentally friendly binder."
24931123,0,7.8e-05,0,0,NOT_NOML,Alkylation and transalkylation processes using a hydrated catalyst,"A composition useful for catalyzing alkylation and transalkylation reactions comprises a molecular sieve having alkylation and/or transalkylation activity, an inorganic refractory oxide component and greater than 3.5 weight percent water. Such a catalyst has been found to maintain a long life when used to produce ethylbenzene in an integrated process in which benzene is alkylated with ethylene and transalkylated with diethylbenzene. The catalyst can also be used to produce cumene via an integrated process in which benzene is alkylated with propylene and transalkylated with diisopropylbenzene."
64601526,0,7.7e-05,0,0,NOT_NOML,Ultraviolet-proof heat-insulation and waterproofing TPU (Thermoplastic Polyurethane) fabric and preparation method thereof,"The invention discloses an ultraviolet-proof heat-insulation and waterproofing TPU (Thermoplastic Polyurethane) fabric and a preparation method thereof. Basalt and nanometer titania are compounded toachieve a synergistic effect, the ultraviolet-proof effect of the prepared TPU fabric is obviously improved, and the tensile strength of the obtained fabric is enhanced. Furthermore, the added bamboocharcoal fibers and nanometer titania are compounded, so that the prepared fabric has excellent bactericidal performance, and suitable for application to humid environments, such as raincoats, umbrellas and the like."
11417986,0,7.5e-05,0,0,NOT_NOML,Multivalve for a vehicle gaseous fuel tank,"A multivalve (1) for a vehicle gaseous fuel tank (2). The tank has a first portion (21) containing liquefied fuel, and a second portion (22) containing gaseous fuel. The multivalve is connected to the first portion of the tank by a ring nut (11), and has an outlet conduit (4) for drawing fuel from the first portion (21) of the tank (2), and a safety valve (10) in turn having a connecting conduit (15) communicating with the tank, and an exhaust conduit (16) communicating with the outside. The multivalve also has an elastically deformable pipe (25) made of elastomeric material, and which connects the connecting conduit (15) of the safety valve to the second portion (22) of the tank, so that, when predetermined maximum pressure and/or temperature values are exceeded, the pressure in the tank is reduced by exhausting gaseous fuel, as opposed to draining off liquid fuel. <IMAGE>"
14065709,0,7.4e-05,0,0,NOT_NOML,AIR CONDITIONER,"PURPOSE:To make the effective use of hot air from an outdoor unit for the purpose of drying or the like by a method wherein an outdoor blower is operated even when a compressor motor is not operated. CONSTITUTION:When a manual switch 13 is set at a cooling effecting position 13a and a timer 12 is set, a fan motor 3a is operated first and when, in this case, the room temperature is higher than a set temperature, a fan motor 6a and the compressor motor 1a begin to operate. Further, a condenser 5 is cooled by the open air introduced by the outdoor blower 6 and a liquefied coolant is introduced into an evaporator 2 of an indoor unit A to thereby cool the room. At the same time, the air heated up to about 50-80 deg.C by the condenser 5 is blown out by the outdoor blower 6 to dry a clothing 10."
44407877,0,7.4e-05,0,0,NOT_NOML,Preparation method of tetrafluoromethane,"The invention relates to a preparation method of tetrafluoromethane. The method comprises the step of carrying out reaction in the presence of a catalyst by taking oxygen and hexafluorpropylene as raw materials, wherein the catalyst is a compound of an alkali metal, an alkaline earth metal or a transition metal. In the method, the oxygen and hexafluorpropylene are used as the raw materials, thus corrosive gases which are dear and can corrode equipment are prevented from being used. Simultaneously, the high-transformation high-selectivity preparation of the tetrafluoromethane can be achieved by using the method."
58954186,0,7.1e-05,0,0,NOT_NOML,Nontoxic environment-friendly plant glass cleaner and preparation method thereof,"The invention discloses a nontoxic environment-friendly plant glass cleaner and a preparation method thereof. The nontoxic environment-friendly plant glass cleaner is prepared from the following components: 3 to 6 parts of butyl cellosolve, 1 to 2 parts of propylene glycol n-butyl ether, 10 to 12 parts of ammonium hydroxide, 16 to 24 parts of corn oil, 150 to 200 parts of soybeans, 1 to 3 parts of liquid soap, 5 to 6 parts of hydrogen peroxide and 600 to 700 parts of water. The nontoxic environment-friendly plant glass cleaner has the beneficial effects that water used in the method is neutral water which is nontoxic, odorless and non-corrosive and can be touched directly by hands; with the liquid soap, the cleaner is smooth; no water marks are retained; the cleaner can be directly wiped through a towel, and no scraper blade is needed."
32160627,0,7e-05,0,0,NOT_NOML,Improvements in Washing and or Cooling Towers.,"24,262. Duff, A. B. Nov. 9. Smoke and fumes, treating.-In towers for washing or cooling fuel gases, the softening and disintegration in the lower part of the towers of the packing - material is prevented, and its removal is facilitated, by arranging the material in separately - removable sections. The brick chequer-work or other packing- sections G', G', G' are supported on metal beams H carried on angleirons H<1>, mixing- spaces J for the gases and liquids and manholes K being provided. The gas - supply pipe B is bent downwards at B<1> to distribute the incoming gas, and to allow of the pipe being sealed by water supplied through the cock E. The water or washing-liquid supplied by the pipe L is distributed by the perforated plate L' and is drawn off by the pipe D."
32148243,0,6.9e-05,0,0,NOT_NOML,Improvements in Apparatus for the Lighting and Extinguishing of Gas Flames.,"8055. Simmance, J. F. May 1. Torches, which are improvements on those described in Specification No. 3683, A.D. 1899, are so constructed that the permanent flame of the colza or other burner can, when desired, be extended in a definite direction by a temporary jet of carburetted air. When a hydrocarbon having a high flash-point is employed for carburetting the air, the containing-chamber D, which may or may not be packed with absorbent material, is arranged near the permanent oil burner A, so that the vaporization of the hydrocarbon may be assisted by the conduction of heat from the permanent burner. By squeezing the india-rubber cover N of a groove M in the torch handle H, air is forced through the holes L<1>, L to the space K, whence it passes by an opening or tube F to the chamber D and ejects a jet of carburetted air through the tube E over the permanent flame B. When a hydrocarbon having a low flash-point is employed for carburetting the air, the chamber D may be permanently or detachably arranged at the lower end of the torch handle H. By using a vapour burner to produce the permanent flame, the extended flame may be obtained by increasing the pressure or volume of the permanent flame."
64552976,0,6.6e-05,0,0,NOT_NOML,"Air guide plate module of air conditioner, indoor unit of air conditioner and air conditioner","The invention provides an air guide plate module of an air conditioner, an indoor unit of the air conditioner and the air conditioner. The air guide plate module of the air conditioner comprises an inner air guide plate (1), a connecting part (2) and a driving mechanism (3), wherein the inner air guide plate (1) comprises a first long edge (11) and a second long edge (12) opposite to each other; afirst end of the connecting part (2) is connected to the surface of one side of the inner air guide plate (1), and a second end extends in the width direction of the inner air guide plate (1) and isprojected on the first long edge (11) of the inner air guide plate (1); and the driving mechanism (3) can be connected with the second end of the connecting part (2) to drive the second end to rotateso as to drive the inner air guide plate (1) to rotate around the second end of the connecting part (2). The inner air guide plate can totally close an air outlet when being withdrawn to cover the airoutlet, so that larger gap or even no gap in closing of the air guide plate of the air conditioner is effectively reduced, and the appearance of the air conditioner is improved."
59347877,0,6.4e-05,0,0,NOT_NOML,Accounting is with many function combination formula tool holder,"The utility model discloses an accounting is with many function combination formula tool holder, solved the required all kinds of instruments of accounting work more rationally, the safer problem of accomodating, including ladder box no. 1, ladder box no. 2, storing box, tool holder, magnetic path, iron plate, couple, ink paste standing groove, wet hand ware standing groove, storage box cover, capping and groove box, the ladder structure combination formula box body of sizes such as ladder box no. 1 and the ladder box policy of 'literature and art should serve both people and socialism' and through hinge swing joint, the up end of ladder box no. 1 can stack at the up end of ladder box no. 2 and form a cuboid structure with ladder box no. 2 through the hinge closure, the trailing flank of ladder box no. 2 bonds and has the storing box, and the preceding terminal surface of storing box has storage box cover through hinge swing joint, and the rear end face of storing box bonds and has the couple, and the left end face of storing box bonds and has the tool holder, is applicable to among the law teaching working practice."
6493445,0,6.3e-05,0,0,NOT_NOML,MONOMERS WITH CYCLIC CARBONATE GROUPS,"Monomers with cyclic carbonate groups having formula I are suitable for producing photosensitive recording materials, for example for producing offset printing plates. In said formula, A stands for a (n+m)-valent hydrocarbon residue with 3 to 30 C atoms that may be substituted by OH and have up to 8 ether bridges; R stands for H or methyl; n is an integer from 1 to 5; and m is an integer from 1 to 3, provided that n+m is at least 3."
22085696,0,6.2e-05,0,0,NOT_NOML,Improvements in or relating to heat sealable vulcanized film,"689,416. Compound sheet materials. GOODRICH CO, B. F. Jan. 8, 1951. [Jan. 19, 1950] No. 513/51. Drawings to Specification. Class 140. An unsupported heat-sealable film comprises a, rubbery copolymer of an open chain conjugated diolefin with an alpha-methylene nitrile, the copolymer being vulcanised in one stratum but unvulcanised in a stratum of at least at one face of the film, the unvulcanised stratum comprising, in homogeneous admixture, with the rubbery copolymer, a polymer of vinyl chloride and/or vinylidene chloride. In one method of making the film, the rubbery copolymer is mixed with a vulcanising agent and other compounding ingredients and formed into a film, and a film is also made of a composition of the copolymer with the chloroethylene polymer. The two films are then bonded together between rolls and the structure is heated to vulcanise the stratum containing the vulcanising agent. Alternatively, the heatsealable stratum may be deposited by spraying, brushing or spreading on the face of the vulcanisable film, an aqueous dispersion of the rubbery copolymer and choroethylene polymer, and the structure is then vulcanised. The unvulcanised stratum may occur at each face of the film. The tear resistance and resistance of the films to petroleum hydrocarbons are increased by coating the outer face of the heatsealable stratum with a polymer prepared predominantly from vinylidene chloride. Suitable diolefins for the preparation of the rubbery copolymer are butadiene, isoprene, dimethyl butadienes, piperylene and ethyl butadiene. Specified nitriles are acrylonitrile, methacrylonitrile and etharcrylonitrile. The chloroethylene polymers may also contain small proportions of radicals derived from, for example, vinyl acetate, styrene, methyl acrylate, methyl methacrylate, ethyl acrylate, vinyl bromide, acrylonitrile and vinylidene cyanide. The usual plasticiers may be mixed with these polymers."
83141252,0,6.2e-05,0,0,NOT_NOML,Air conditioner,"The utility model relates to an air conditioner. The air conditioner comprises a shell and a filter plate. A containing space is formed in the shell. An opening is formed in the wall face of the shell, and the filter plate is embedded in the opening. The filter plate comprises a grid part provided with a plurality of through holes, and the through holes are communicated with the interior and the exterior of the shell. According to the invention, the possible damage to the filter plate in the transportation process is avoided, the aesthetic property of the whole machine is improved, and the sales of products is facilitated."
83022130,0,5.4e-05,0,0,NOT_NOML,Die-casting aluminum alloy material produced from full-reclaimed materials and preparation method thereof,"The invention relates to a die-casting aluminum alloy material which is high in performance and low in cost and is produced from all reclaimed materials and a preparation method of the die-casting aluminum alloy material. The alloy comprises the following components in percentage by weight: 10%-11% of Si; 0.50% to 0.65% of Mg; 0.01% to 0.20% of Mn; cu: 1.0%-1.2%; 0 lt; ni < = 0.5%; 0.7% to 0.9% of Fe; 0 lt; 0.20% or less of Ti; 2.0% to 2.5% of Zn; 0 lt; pb < = 0.1%; 0 lt; sn < = 0.1%; the sum of the other impurities is controlled to be 1% or below. Compared with a conventional ADC12 alloy, raw materials are wider, the cost is lower, but the mechanical property, the heat conductivity and the weather resistance all exceed those of the ADC12 alloy. The alloy die-casting test bar has the following properties: the tensile strength is greater than or equal to 270MPa, the yield strength is greater than or equal to 150MPa, the ductility is greater than or equal to 2.5%, and the heat conductivity is greater than or equal to 110W/m.k. The material is a green material conforming to circular economy."
8469744,0,5.3e-05,0,0,NOT_NOML,"Procedure for obtaining the internal refrigeration of an automotive vehicle. (Machine-translation by Google Translate, not legally binding)","Procedures for obtaining the internal refrigeration of a motor vehicle. For an engine with its classic cooling circuit in which through the thermostat sends hot water to the radiator where it is cooled returning to the engine through pump and pipe .... (Machine-translation by Google Translate, not legally binding)"
12599440,0,5e-05,0,0,NOT_NOML,PURIFICATION OF HIGH TEMPERATURE REDUCTIVE GAS,"PURPOSE:To remove CO and a sulfur compound in gas by treating high temp. reductive gas in a CO shift reactor to convert CO in the gas to CO2 and controlling the temp. of the gas by a heat recovery apparatus to remove CO2 and the sulfur compound. CONSTITUTION:The high temp. reductive gas in a line 1 containing a sulfur compound such as H2S or COS generated in a coal gasifying furnace is supplied to a CO shift reaction apparatus 5 while the dust therein is removed by a dry dust removing apparatus 2. The reaction apparatus 5 is packed with an Fe-Cr type catalyst converting CO to CO2 and CO is converted to CO2 by shift reaction. When the gas in a line 7 issued from the reaction apparatus 5 is introduced into a CO2 sulfur compound removing apparatus 10, the CO2 and sulfur compound in the gas are adsorbed and removed by an adsorbent with high efficiency and the obtained purified gas is used as the fuel of a turbine."
72904815,0,4.9e-05,0,0,NOT_NOML,Assembly type garbage classification and recovery house and pedal type window opening mechanism,"The utility model provides an assembly type garbage classification and recovery house and a pedal type window opening mechanism. The pedal type window opening mechanism comprises a frame body, a stockbin cover, a pedal and a power transmission unit. The power transmission unit comprises upper and lower transmission shafts, short and long driving levers and a connecting rod; the two ends of the upper and lower transmission shafts are rotationally connected with vertical beams of the frame body through bearings respectively; the upper transmission shaft is fixedly connected with the bin cover;the lower transmission shaft is fixedly connected with pedals; the short deflector rod is vertically fixed at one end of the upper transmission shaft, the long deflector rod is vertically fixed at thecorresponding end of the lower transmission shaft, and the upper and lower ends of the connecting rod are respectively hinged with the short deflector rod and the long deflector rod. According to theutility model, a plurality of garbage cans placed in the garbage can can be effectively sealed and protected, so that the pollution influence on the surrounding space environment is avoided; the appearance modeling design can be carried out according to different environments, so that the appearance is not influenced, and even a decorative scenic spot can be formed; and the window opening mechanism can effectively prevent hands from contacting a pollution source, is convenient to use, and is sanitary and safe."
25287902,0,4.3e-05,0,0,NOT_NOML,"Inhibited aqueous, methoxypropanol coolant adjusted to a pH between about 6 and 9","A coolant comprising water and one of 1-methoxy-2-propanol, 2-methoxy-1-propanol or mixtures thereof, resistant to degradation of fluoroelastomers and which is inhibited against corrosion of ferrous metals, aluminum and solder is disclosed. The desired coolant is prepared by reacting in situ or adding the reaction product of one or more phosphoric acids and an inorganic base selected from potassium hydroxide, sodium hydroxide or mixtures thereof, and optionally contains, as a copper or brass deactivator mercaptobenzothiazole, a benzotriazole, a sodium or potassium salt of mercaptobenzothiazole or a benzotriazole, or mixtures of these, wherein the pH of the coolant is adjusted to between about 6 and about 9 by balancing the relative amounts of phosphoric acids and inorganic bases to attain said pH. For example, about 53 parts 1-methoxy-2-propanol, 46 parts water, 0.8 parts K2HPO4, 0.1 part orthophosphoric acid and 0.1 part sodium tolutriazole yield a coolant of about pH 8 which gives low corrosion of metals commonly employed in cooling systems and does not induce excessive swelling or cracking and crazing of fluoroelastomers."
17413110,0,4.2e-05,0,0,NOT_NOML,"PRODUCTION OF 4,4'-(1-PHENYLETHYLIDENE)BISPHENOL","PURPOSE:To obtain the objective substance in good yield using an inexpensive apparatus in a short time by using a catalyst composed of a heteropoly acid and a sulfur-containing organic compound having SH group in producing the title substance from acetophenone and phenol. CONSTITUTION:Acetophenone is reacted with phenol in the presence of a catalyst composed of a heteropoly acid (e.g. phosphotungtic acid) and a sulfur- containing organic compound (e.g. ethyl mercaptan or mercaptopropionic acid) having SH group at 40-120 deg.C for 2-12hr to produce the title substance. The heteropoly acid and the sulfur-containing organic compound are used in an amount of 0.05-0.3mol based on 1mol acetophenone and 0.5-30wt.% based on the acetophenone. Since a catalyst such as HCl having strong corrosiveness is not used, expensive apparatuses are not required. The title substance is useful as an intermediate raw material for polycarbonates, polyesters, developers for heat-sensitive paper, etc."
64186055,0,4.1e-05,0,0,NOT_NOML,Gas primary cooler,"The utility model discloses a gas primary cooler, include ware body bottom, first heat transfer section, second heat transfer section, ware body top, be equipped with coal gas export, steam inlet, a condensate outlet and the 2nd condensate outlet on the lateral wall of ware body bottom, first heat transfer section and second heat transfer duan jun are including controlling two tube sheets and twocurb plates of front and back, and the tube sheet encloses into sealed shell structure with the curb plate, is equipped with the backup pad in the shell structure, tube sheet and curb plate are connected with the heat exchange tube, and the heat exchange tube passes through the backup pad to with backup pad fixed connection, the tube sheet outside is fixed with a plurality of first water tanks andsecond water tank, be equipped with refrigeration entry and refrigeration export on the lateral wall of first heat transfer section, be equipped with the export of circulating water inlet and circulating water on the lateral wall of second heat transfer section, be equipped with a plurality of spray lines on the lateral wall at ware body top, the top at ware body top is equipped with gas inlet and diffuses the mouth. The utility model discloses light in weight, convenient equipment can improve heat exchange efficiency."
24788590,0,3.9e-05,0,0,NOT_NOML,POLYHALOALCOHOLS AND THEIR USE AS FLAME RETARDANTS IN POLYMER COMPOSITIONS,"1,256,085. Lubricants. COLUMBIAN CARBON CO. 15 Nov., 1968 [29 Dec., 1967], No. 54432/68. Heading C5F. [Also in Divisions C2 and C3] Flame-retardant liquid polyester extreme pressure lubricants are obtained from alcohols of the formula Br a R(OH) b and alkylene oxide addition products thereof, R being a saturated cycloaliphatic hydrocarbon group containing a 5-16 membered carbocyclic ring, a is an integer of 2-6, b is an integer of 2-4, the ratio a :b is at least 1:1 and the sum a + b is 4, 6 or 8, no carbon atom bears more than one hetero substituent, each hydroxy group is on a carbon atom adjacent a brominated carbon atom, and each brominated carbon atom is adjacent a brominated or hydroxy substituted carbon atom."
61451380,0,3.6e-05,0,0,NOT_NOML,Water-saving washtub for students,"The invention relates to a washtub, in particular to a water-saving washtub for students. The water-saving washtub for students includes a washtub. The washtub is divided into three areas by a partition plate A and a partition plate B which are perpendicular to each other. The partition plate A is perpendicular to the bottom of the washtub and divides the washtub into two parts from the middle; and the partition plate B is parallel to the bottom of the washtub, is located on one side of the partition plate A and is connected with the middle of the partition plate A. The side of the washtub below the partition plate B is provided with an opening. The joint of the partition plate A and the partition plate B and the bottom of the washtub on the other side of the partition plate A each are provided with a water discharging port, and the water discharging port is provided with a cover plate. According to the water-saving washtub for students, necessary articles can be all brought in one time, the trouble of taking the articles back and forth is avoided, water resources are fully utilized, and the washtub has a good water-saving effect."
56666549,0,2.8e-05,0,0,NOT_NOML,Translation door and window,"The utility model discloses a translation door and window, including door and window frame, translation fan, translation coupling assembling and door and window lock subassembly, be equipped with spout or slide rail on the door and window frame, translation coupling assembling installs on the translation fan, and translation coupling assembling is gliding to be established in the spout or on the slide rail, and door and window lock unit mount is between door and window frame and translation fan, for the translation fan, install the card and put the seat on the relative position of subassembly is locked with door and window to the door and window frame, install on translation fan and put a complex card with the card and put the device. The utility model discloses a structure can make things convenient for more, the laborsaving translation fan of closing, location when simultaneously can better realization closing the translation fan."
17336900,0,1.8e-05,0,0,NOT_NOML,PRODUCTION OF POLYCARBONATE,"PURPOSE:To obtain a polycarbonate having controlled molecular weight and excellent color tone and transparency and useful for molded article, etc., by polymerizing an alkaline aqueous solution of a dihydric phenol, etc., and a halogenated carbonyl compound under specific condition to suppress the hydrolysis reaction of phosgene. CONSTITUTION:The objective polycarbonate is produced by continuously supplying an alkaline aqueous solution of a dihydric phenol such as bisphenol A and a molecular weight modifier such as phenol together with a halogenated carbonyl compound such as phosgene (the amount is preferably 1.00-1.10 equivalent based on the dihydric phenol) to an organic solvent (e.g. dichloromethane) at pH 10.0-11.0 at a definite supplying ratio and polymerizing in the presence of a polymerization catalyst such as trimethylamine."
21831140,1,0.000985,0,0,NOT_NOML,Improvements in or relating to sound recording and reproducing apparatus,"263,180. De Forest Phonofilms, Ltd., (Assignees of Forest, L. de). Dec. 19, 1925, [Convention date]. Optical apparatus for recording sound photographically or for reproducing sound photo-electrically from a record, instead of the usual slit interposed between a source of light and the film, there are provided three straightedged opaque bodies so arranged in different parallel planes as to permit of the passage of a very thin band of light between their adjacent edges. Fig. 1 shows the use in a recording-apparatus of such a device comprising two fixed members 7, 8 and an opposed member 9 which is adjustable by a screw 10. By this means an extremely thin band of light passes between the edges of the parts 7 - - 9 from the sound-influenced source of light 1 to the film 11. A soundreproducing apparatus to which the invention is applied is shown in Fig. 4, and comprises a lightsource 21 and a photo-electric cell 25, a system of plates 7 - - 9, as above described, being arranged between the source and the cell. The light passes to the cell 25 through a chamber 22 containing a diffusing lens 23. The travelling film record may be arranged in any of the positions indicated by the lines 11 - - 11<3>."
43053324,1,0.00097,0,0,NOT_NOML,Oil pressure control in an engine,"The present invention relates to an oil pressure control in an engine. An engine having a fluid lubrication and control system is provided. The engine also includes a pump configured to maintain fluid pressure in the lubrication and control system when the engine is running. The engine additionally includes an accumulator in fluid communication with the lubrication and control system. The accumulator is configured to accumulate and retain fluid when the engine is running, and to discharge the fluid when the engine is not running in order to maintain fluid pressure in the lubrication and control system. A method for controlling oil pressure in the engine is also provided."
84110426,1,0.000962,0,0,NOT_NOML,Hollow pin shaft chain,"The utility model discloses a hollow pin shaft chain which comprises an inner chain plate, an outer chain plate, a hollow pin shaft and a roller, the roller is arranged on the hollow pin shaft in a rotating mode, a first oil storage space is arranged between the roller and the hollow pin shaft, and an oil outlet hole communicated with the first oil storage space is formed in the hollow pin shaft. The first oil storage space and the second oil storage space which are relatively closed are arranged to continuously lubricate the hollow pin shaft, the solid pin shaft and the roller respectively, so that lubricating oil is not easy to evaporate even at high temperature, the problem of lubrication failure is avoided, and the service life of the chain is greatly prolonged; the device is suitable for large-size lead ingot conveying chains; the inner width and the backlash of the inner section of the chain plate are better ensured by utilizing the step structure, a sleeve is not needed under the structure, and the structure is simplified; machining and assembling are convenient."
24211789,1,0.000947,0,0,NOT_NOML,Turbofan Thrust Reverser.,"1,190,627. Turbofan thrust reversers. UNITED AIRCRAFT CORP. 10 May, 1967 [31 May, 1966], No. 21818/67. Heading B7G. A thrust reverser for a ducted fan propulsion engine 10 located downstream of the substantially annular outlet 26 for air discharged from the fan 24 comprises a flexible baffle 32 movable between an operative position (e.g. as shown) and a stored position when the baffle 32 is located in a storage chamber 42 in the housing 28, there being pulling means (e.g. reels 46 and cables 48) to draw the baffle into the chamber. The reverser also includes tension rods 34 connecting the baffle 32 to the housing 28 upstream of the baffle. The baffle 32 may be of fabric material such as canvas, metallic reinforced canvas, fibreglass fabric, or flexible metallic fibre cloth. The chamber 42 may be closed either by a door 44, Fig. 3, having a rubber flap 45, and attached to the housing 28 or a door (44a), Fig. 4 (not shown), carried on the ends of the rods 34. The rods 34 may have grooves (38), Fig. 2 (not shown), in the housing 28 into which they fit when the baffle 32 is retracted. At each side of pulley 50 guiding cable 48, there may be further pulleys 58 sprung so as to assist in pleating the baffle 32 as it is retracted. The baffle 32 may comprise a fluted construction with passages 68, 70, 72 to allow discharged fan air to permeate the baffle and provide a cooling layer on its outer surface, thereby protecting the baffle from hot jet pipe exhaust flow reversed by clam shell reverser 20. Reference has been directed by the Comptroller to Specification 1,083,623."
10295258,1,0.00094,0,0,NOT_NOML,Improvements in or relating to fluid pressure remote control systems,"533,667. Pneumatic single stroke apparatus. AUTOMOTIVE PRODUCTS CO., Ltd., and THORNHILL, P. W. Nov. 8, 1939, No. 29672. [Class 8 (ii)] [Also in Group XXIX] A fluid pressure remote control system which is especially applicable for actuating fluid motors such as the jacks 20, 21, Fig. 1, on aircraft for controlling wing flaps, under-carriages &c. is constructed with a series of selector valves 28 ... 33, each operable by a handle 61 to control the pressure in pipe lines 36, 37, 38 leading to separate control valves 23, 24, for controlling the supply of the fluid to the motors 20, 21, the control valves being adapted to operate the motors in either direction or to leave the motor inoperative according to the setting of the appropriate handle 61. The liquid control shown comprises a pump 11 fed from a reservoir 13 and supplying liquid to an accumulator 10 connected to the pressure supply line 18. The return line 19 is connected to the reservoir 13 as is the overflow from the accumulator 10. The control valves 23, 24 are connected by pipes 25, 26, to the lines 18, 19, and by pipes 22 to the motors 20, 21, and one pressure line 36, 37, 38 leads from each selector valve to each control valve. One of the selector valves is shown in Fig. 2 in the ' off ' position with the handle 61 in a mid-position which enables a spring-pressed plunger 53 to assume its extreme position towards the right. In this position a pipe 35 connects the pipe 36 to the pipe 19 so that there is no operative pressure in pipe 36. Connection between the pipe 35, 36 takes place through the hollow stem of a valve 42 and radial ports 51. The valve 42 which can be set to connect the pressure inlet pipe 34 to the pipe 36 is pressed on its seat by the pressure of fluid entering the port 34a and acting upon an annular washer 47 attached to a secondary plunger 46 which draws the valve 42 to its seat by acting upon a shoulder 49 of an enlarged part of the valve stem. When the handle 61 is raised to engage a stop 72 so that a pivot 63 acts on a thrust plate 65 to move the plunger 53 to the left, the connection to the pipe 35 is closed by the engagement of a sleeve 57 with a washer 58 on the secondary plunger 46, and the plunger 46 is finally moved to the left and so releases the pressure on the valve stem which can then open partially under the fluid pressure, the valve acting as a pressure reducing valve to reduce the pressure in pipe line 36 to a predetermined proportion, say one-half, of the pressure of pipe 18. If the pressure exceeds this the secondary plunger is moved to the right and the fluid can pass to the pipe 35 leading to the reservoir 13. The sleeve 57 is formed with a flange 59 which engages the end surface 60 of the plunger 46 to permit a thrust to be transmitted without damage to the plunger 46. By moving the handle 61 over to its extreme clockwise position a pivot 64 causes a further movement of the plunger 53 towards the left, and the valve 42 opens fully and the pressure transmitted to the pipe 36 is equal to the full pressure of the pipe 18. The valve mechanism for controlling the fluid supply to the motors 20 is shown in Fig. 6 in the position which the valves E, P : E<SP>1</SP>, P<SP>1</SP> occupy when the selector valve is in the ' off ' position. In this position the motors are connected to the exhaust lines by valves E, E<SP>1</SP> so that compensation for temperature variation can take place. To operate the motor in one direction the selector valve is set to the half-pressure position and the pressure in pipe 36 then causes a small plunger 104 to move to the left and actuate a lever 96 which opens a valve P<SP>1</SP> leading to the inlet of one end of the motor 20, and closes the valve E<SP>1</SP>, the exhaust then being through connection 22a, passage 114, valve E pipe 26. When the pressure in pipe 36 is raised to full pressure a large plunger 99 is moved to the right with a pressure which corresponds to the same as that which moved the small plunger 104 to the left. The plunger 104 which has a lost motion connection 107 with the large one is at the same time withdrawn. The valve P is now opened and the valve E shut, the valves E<SP>1</SP>, P<SP>1</SP> are returned to their original position by a spring 92. The operation of the motor is thus reversed. The pressure on the face of plunger 99 due to fluid admitted to port 36b is opposed by pressure admitted to a space 110 from the main pressure line. When the pressure in pipe 36 is half that of the pressure line these forces balance. When the pressure in pipe 36 is made equal to that of the pressure line the resultant force acting on the lever 95 is the same as that which previously acted upon the lever 96. In a modified form of selector valve, Fig. 7, the handle 61 is arranged when in mid-position to set the valve for half pressure, and the control valve is so arranged that the motors are inoperative when the valve is in this position, and are operative in opposed directions according as the pressure in the pipe line 36 is connected to the pressure line 18 or the return line 19. The handle 61 operates a cam with recesses 122, 123, 124 which engages a ball on the plunger 53 the end of which is of frusto-conical shape to act as a valve with the end of a sleeve 126 which has an aperture 128 leading to the reservoir passage 35a. In the position shown, which is the half-pressure position, the valve 44 opens against the action of a light-spring under fluid pressure from a conduit 34a. If the pressure exceeds the half pressure it acts on the end of the sleeve 126 which is moved to permit of escape of fluid by conduit 35a. When the handle 61 is raised to position 61a the valve 57a opens under spring action and the fluid is connected by conduit 35a to the reservoir. In the 61b position the valve 44 is held fully open. In a simpler form of valve the handle 61 is arranged to have two operative positions only, and a valve similar to 57a, Fig. 7, is arranged to move to two positions which permit of the fluid which enters the conduit 34a having access to the conduit 35a or the pipe 36, the valve 44 being fully open in the latter case. The form of the valve E, P, E<SP>1</SP>, P<SP>1</SP> is varied to suit the pressure control system described in connection with Fig. 7."
17209207,1,0.00094,0,0,NOT_NOML,STILL VIDEO CAMERA,"PURPOSE:To prevent useless cost at the sender side by predict outline of a transmission charge for a picked-up picture to send the picture with a cheap cost. CONSTITUTION:Each terminal number of a sender side and a receiver side is inputted by a ten-key 10 to pick up a charge system between a transmission district and a reception district from a transmission line charge system data stored in advance. Number of picked-up pictures set at a low cost is calculated in the picked-up charge system. Then when the limit number calculated is picked up, an alarm lamp 8 and a microphone/speaker device 9 raise alarm at least to inform it to the user that the transmission charge is increased when the succeeding picture is sent. Thus, useless cost for the user is avoided in the case of picture transmission."
38212877,1,0.000933,0,0,NOT_NOML,Spray orifice tablet,"The invention discloses a spraying piece with spraying layer, wherein the spraying layer contains first surface, second surface, at least one spraying hole, at least one ink-accumulating reserving tank and at least one ink-accumulating conductive groove; the spraying hole pierces spraying layer, which connects first and second layers of spraying layer; the ink-accumulating reserving tank and ink-accumulating conductive groove lie on the first surface, which nears one end of first surface of spraying hole in connection with ink-accumulating reserving groove; the ink-accumulating reserving groove interconnects one end of ink-accumulating conductive groove, which guides and cleans the accumulated ink around spraying hole between ink-accumulating reserving tank and ink-accumulating conductive groove."
42700241,1,0.000933,0,0,NOT_NOML,"IMAGE FORMATION DEVICE, IMAGE TREATMENT DEVICE, AND IMAGE FORMATION SYSTEM","<P>PROBLEM TO BE SOLVED: To provide an image formation device, an image treatment device, and an image formation system which judge whether a total number of a number of sheets to be printed and a loading number of sheets corresponds to the height of plugging a discharge opening, or not, to thereby prevent generation of paper jam due to the clogging of a discharge paper. <P>SOLUTION: The image formation device includes a counter of the loading number of sheets (a counter 111 of the loading number of sheets) for counting the loading number of sheets to be loaded in a loading part; a calculation part (a calculation part 1082 of the number of sheets to be printed) for calculating the number of sheets to be printed in print treatment based on an image data from a printing condition information; a judging part (a judging part 1083 for and against printing) for comparing the total number of a counter value of the counter of the loading number of sheets and a calculated number of sheets to be printed with the threshold value of a number of sheets loadable on the loading part established beforehand, to judge as printable if the total number is equal to or below the threshold value, and judge as unprintable if the total number is over the threshold value; and a control unit (a control part 101) for performing an unprintable after-treatment corresponding to unprint status if judged unprintable. <P>COPYRIGHT: (C)2010,JPO&INPIT"
9510709,1,0.000929,0,0,NOT_NOML,Preventing unauthorized use of motor vehicle,An electromagnetically operated (23) spring loaded (29) motor cut out (26) on a card (G) is contained within a tamperproof box (C) attached to a motor starter (A). The box (C) also contains on a card (F) a relay (20) which normally completes the key circuit but when set protectively activates the motor cut out (26) if any attempt is made to bridge the solenoid
73214218,1,0.000926,0,0,NOT_NOML,Pneumatic lifting bridge plate,"The utility model discloses a pneumatic lifting bridge plate, which relates to the field of bridge plates and comprises an upper cross beam, a lower frame, a first swing rod, a second swing rod and acylinder, the upper cross beam and the lower frame are arranged in parallel, and the first swing rod and the second swing rod are arranged between two ends of the upper cross beam and the lower frame.The upper ends and the lower ends of the first swing rod and the second swing rod are movably connected with the upper beam and the lower rack respectively, an air cylinder is installed on the lowerrack, and one end of the air cylinder is connected with the first swing rod. The bridge plate lifting device is reasonable in structural design, easy to operate and convenient to use, the height of abridge plate can be rapidly increased and decreased by switching stretching and retracting of the air cylinder, the air cylinder is contracted when the bridge plate needs to be hidden, the air cylinder is ejected out when the bridge plate needs to work, and the use requirements of people are met."
60444477,1,0.000922,0,0,NOT_NOML,Vegetables dehydrating tank system of disinfecting,"The utility model discloses a vegetables dehydrating tank system of disinfecting, including being used for transporting dehydrating tank's conveyer belt and liquid sterilization mechanism and the ultraviolet ray disinfection mechanism that the conveyer belt both sides were arranged in to the branch, liquid sterilization mechanism includes transparent disinfectant tank, antiseptic solution shower nozzle, first processor module, a PIR, the 2nd PIR and pressure sensor module, ultraviolet ray disinfection mechanism includes ultraviolet lamp, second processor module and ultraviolet intensity detection module, liquid sterilization mechanism still includes a wireless transmission module, and ultraviolet ray disinfection mechanism still includes the 2nd wireless transmission module, a wireless transmission module and the 2nd wireless transmission module all with a long -range warning module wireless connection, long -range warning module sets up in the disinfection monitor. The utility model discloses a conveyer belt transports dehydrating tank and carries out ultraviolet ray disinfection and antiseptic solution disinfection respectively automatically, improves dehydrating tank disinfection work efficiency, reduces the water consumption, improves dehydrating tank disinfection effect simultaneously."
89039197,1,0.000922,0,0,NOT_NOML,Off-line software authorized operation method and device,"The invention provides an off-line software authorized operation method and device, and relates to the technical field of off-line authorization management, and the method comprises the steps: obtaining public key information managed by an authorized operation party, and encrypting to-be-authorized information based on the public key information; according to the encrypted to-be-authorized information, querying from authorized operation party management, and determining authorization data corresponding to each authorized operation party; and corresponding strategy operation is performed based on the authorization data, so that the technical problem that the application efficiency is affected due to the fact that a client needs a tedious authorization means to use enterprise authorization software in the prior art is solved."
15949034,1,0.000915,0,0,NOT_NOML,COOLER BOX,"PROBLEM TO BE SOLVED: To provide a readily producible cooler box having the outer shell part and the inner shell part of a volume part both of which can be readily located. SOLUTION: The volume part of this cooler box has an inner shell part 11 and an outer shell part 12. Columnar parts 31 are columnar part members integrally attached to the inner shell part 11 and are provided with female screw parts 31a from columnar head parts in the axial direction. On the other hand, column receiving parts 32 are columnar members integrally attached to the outer shell part 12 and are opened upward. The members increase their diameters as the open diameters reach upward. Screw holes 32a are formed so as to pass from the columnar bottoms of the column receiving parts 32 to the outside of the outer shell part 12. Bolts 33 inserted from the screw holes 32a are screwed into the female screw parts 31a."
16768870,1,0.000911,0,0,NOT_NOML,CORDLESS TELEPHONE,"PURPOSE:To eliminate the necessity of a switch to be used for permitting the start of identification code writing by automatically confirming the connection between a handset and base unit by means of a connection cord for writing identification code and causing the start of the identification code writing to be permitted by the confirmation. CONSTITUTION:At the time of writing an identification code in a handset 1, the cord plug for telephone line is first pulled out from a modular jack 270 for telephone line. Then the plug 192 of a connection cord 190 for identification code writing is inserted into the modular jack 270 and a plug 191 is inserted into a jack for writing identification code. As a result, a microcomputer 140 is set to a standby state for a key input. Since the start of identification code writing is automatically permitted when the handset 1 is connected with a base unit 2 with the connection cord 190 for writing identification code in such way, no special switch is required for permitting the start of identification code writing."
20306153,1,0.000897,0,0,NOT_NOML,"Improvements in shoes, boots and the like","250,181. Karlson, G. E. April 1, 1925, [Convention date]. Foot-arch supports.-A shoe is provided with a spring stiffener 4 of steel or other suitable material placed between an insole 3 and outer sole 2. The spring is further provided with a hump 5 which underlies the metatarsal bones of the foot. Reference has been directed by the Comptroller to Specifications 162,062 and 242,725."
77916155,1,0.000897,0,0,NOT_NOML,MIRROR DOOR,"To provide a mirror door for facilitating change-over of displaying in a display part.SOLUTION: A first mirror door 1 (mirror door) includes a door main body 2, a mirror part 20, and a display part 30. The door main body 2 is openably attached to a cabinet body 131 (attached part). The mirror part 20 is arranged on a front surface of the door main body 2. The display part 30 displays information in at least a partial area of the mirror part 20. A display state of the display part 30 is a first display state when an opening degree of the door main body 2 is the first opening degree, and is a second display state when an opening degree of the door main body 2 is the second opening degree.SELECTED DRAWING: Figure 1"
88058898,1,0.000853,0,0,NOT_NOML,Rotary seat plate for packaging machine,"The utility model relates to the technical field of packaging machines, in particular to a rotating seat plate for a packaging machine, and solves the problems that the packaging convenience and the packaging efficiency are reduced when products with different heights are packaged due to the fact that the rotating seat plate in the prior art cannot be integrally lifted and moved. A rotating seat plate for a packaging machine comprises a mounting seat provided with a mounting cavity in the center inside and a lifting column slidably connected to the interior of the mounting cavity, the top of the lifting column is rotationally connected with a rotating plate, and a driving cavity is formed in the center of the bottom of the lifting column. A driving part with the output end penetrating through the lifting column to be connected with the rotating plate is detachably connected into the driving cavity, two vertical grooves are symmetrically formed in the mounting cavity, and lifting assemblies connected with the side wall of the lifting column are arranged in the two vertical grooves correspondingly. The lifting device is reasonable in structure, the function of rotating the base and the function of automatic lifting can be conveniently achieved and do not interfere with each other, and convenience and practicability in the using process are improved."
79662734,1,0.000804,0,0,NOT_NOML,Drying device for drying kiln,"The utility model discloses a drying device for a drying kiln, relates to the technical field of drying kilns, and aims at solving the problems that an existing drying device for drying sintered insulating bricks is poor in drying effect and large in heat energy loss. The drying device comprises a base, a rotating table is arranged in the middle of the upper end face of the base, the rotating table is rotationally matched with the base, a rotating column is fixedly arranged in the middle of the upper end of the rotating table, six supporting table plates are installed outside the rotating column, and a drying cover is arranged outside the supporting table plates; a drying cover is arranged at the upper end of the base, an air cavity is formed in the drying cover, sliding blocks are fixedly installed on the two sides of the drying cover, a heating box is fixedly arranged on one side of the upper end of the base, a metal hose is installed at the upper end of the heating box, one end of the metal hose is connected with the drying cover in a sealed mode, and a filtering device is arranged on the other side of the upper end of the base."
7267099,1,0.000776,0,0,NOT_NOML,Improvements in light projectors,"<PICT:0990675/C4-C5/1> A visible, ultra-violet or infra-red light projector has a cavity 6 accessible from the outside through a passage 10 for receiving a radioactive luminescent light source, a radioactive luminescent light source 7 in the cavity, and a reflector 3, 4 in spaced relation thereto, the cavity 6 being within a body 1 of transparent filling material, such as glass or plastic, filling the reflector and acting as a radioactive radiation guard after the light source has been inserted into the cavity. The surface 5 of the body 1 acts as a light-emitting surface and can be flat or shaped to act as a lens. The centre of the cavity 6 can be at the focus of the reflector 3, 4 or other point determined by the reflector and the surface 5. The body 1 can be formed of plies of transparent material and the plies close to the cavity 6 can be of substantially radiation resistant material of high mechanical strength. The outside of the body 1 can be of radiation resistant material. The cavity 6 can be divided into cells and can be spherical or in the form of a narrow tube. The reflector 3, 4 can be in the form of a paraboloid of revolution or of an elliptical or parabolic cylinder. Radioactive gas under pressure, e.g. krypton 85 alone or in combination with a solid radioactive isotope, can be contained in the cavity 6. The light source can consist of a physical or chemical combination of a luminescent substance with a radioactive isotope. The wall of the cavity 6 can be coated with a luminescent substance with a radioactive isotope adhering thereto. The cavity wall can have a luminescent substance and a radioactive isotope embedded therein. A part of the cavity free of the luminescent substance and isotope can accommodate at least a further radioactive isotope. The luminescent substance and radioactive isotope can have a bonding agent added thereto. Activated zinc sulphide is referred to as a luminescent substance."
53787467,1,0.000773,0,0,NOT_NOML,THE METHOD FOR PRODUCING DRINKING WATER USING DEEP SEA WATER,"The present invention relates to a manufacturing method of drinking water with low salts and high minerals using deep sea water and drinking water manufactured by the method. The present invention, regarding a manufacturing process of drinking water using deep sea water, a large part of harmful boron to human body is removed by inserting highly concentrated mineral water with the removed boron in demineralized water. In addition, drinking water with a weakly alkaline pH appropriate for drinking purpose can be manufactured with abundant mineral ingredients such as magnesium, silica, etc., beneficial to human body, even with low concentration of sodium and chloride ions."
39588446,1,0.000747,0,0,NOT_NOML,"BIS(TERPYRIDINE) COMPOUND METAL ASSEMBLED BODY, HYBRID POLYMER, METHOD FOR PRODUCING THE SAME AND USE OF THE SAME","Disclosed is a bis(terpyridine) compound metal assembled body wherein some kinds of metals are precisely assembled by complexation. This bis(terpyridine) compound metal assembled body can be multi-colored when used as an electrochromic material. Also disclosed are a hybrid polymer, a method for producing the hybrid polymer and use of the hybrid polymer. Specifically disclosed is a bis(terpyridine) compound metal assembled body, which is characterized by being composed of an asymmetric bis(terpyridine) compound represented by the formula (1) below and at least two kinds of transition metal ions complexing with the compound. (In the formula (1), A represents a hydrocarbon group; and B<SUP>1</SUP> and B<SUP>2</SUP> represent different terpyridyl groups represented by the following formula (2): (wherein R<SUP>1</SUP> and R<SUP>2</SUP> independently represent a hydrogen atom or a substituent).)"
39575411,1,0.000732,0,0,NOT_NOML,Clothes Washing Machine and Balancer Usable With Washing Machine,"A washing machine is provided to prevent malfunction or troubles of a balancer cased by welding residue entering a balancer by collecting welding residue a welding groove. A washing machine has a balancer. The balancer has at least one oil injection unit(50) and a cap(60). The oil injection unit has an oil injection hole(51) through which oil is injected, a blocking protrusion(52), a welding protrusion(53), and a welding groove(54). The cap is welded to the oil injection unit to prevent oil leakage from the oil injection hole. The protrusion prevents entering of welding residue to the oil injection hole when welding the oil injection unit and the cap. The welding protrusion is formed concentric with the blocking protrusion. The welding groove is formed between the blocking protrusion and the welding protrusion."
74836200,1,0.000712,0,0,NOT_NOML,Automatic cooling device for smart phone,"The invention relates to the technical field of smart phone manufacturing machinery, and discloses an automatic cooling device for a smart phone. The device comprises a shell, a button is fixedly connected to the outer part of the shell, a placement plate is fixedly connected to the outer part of the shell, a cooling plate is fixedly connected to the outer part of the placement plate, and a guideplate is fixedly connected to the outer part of the cooling plate; under the interaction of a button, a placement plate, a cooling plate, a flow guide plate, an induction assembly, a first gear, a first connecting rod, a second gear, a second connecting rod, a transmission shaft, a rotating rod, a connecting plate, a mounting plate, a coil, an electromagnet, a vortex blade and a refrigerator, thesmart phone can be always kept in a good running state; so the use experience of people on the smart phone is improved, the practicability of the smart phone is improved, the working efficiency of people is improved, the project completion process is accelerated, more economic values are created, and the device also conforms to the concept of intelligent manufacturing."
69092119,1,0.000661,0,0,NOT_NOML,Self-tightening material collecting device,"The utility model relates to the field of material collecting devices, in particular to a self-tightening material collecting device which comprises a material collecting box body, a blocking body, afeeding port, a through hole and a connecting piece. A feeding hole and a through hole are formed in the top wall of the material collecting box body; a blocking body is arranged at an opening in thebottom of the material collecting box body, the upper portion of the blocking body is connected with a connecting piece, the other end of the connecting piece penetrates through the through hole and is located outside the material collecting box body, a lifting piece is arranged at the end, extending out of the material collecting box body, of the connecting piece, and a protruding part is arranged at the top of the material collecting box body. The blocking body, the connecting piece and the lifting piece are arranged, the self-sealing effect of the device in the material collecting process can be achieved, the automatic discharging effect is achieved in the discharging process, and the device is simple and practical; and a protruding part is arranged, the position of the feeding port canbe conveniently adjusted in time, and meanwhile smoke dust pollution caused in the using process of the device can be prevented."
76970960,1,0.000648,0,0,NOT_NOML,Process for preparing catalysts and catalyst compositions,"Disclosed are support-activators and catalyst compositions comprising the support-activators for polymerizing olefins in which the support-activator includes clay heteroadduct, prepare from a colloidal phyllosilicate such as a colloidal smectite clay, which is chemically-modified with a heterocoagulation agent. By limiting the amount of heterocoagulation reagent relative to the colloidal smectite clay as described herein, the smectite heteroadduct support-activator is a porous and amorphous solid which can be readily isolated from the resulting slurry by a conventional filtration process, and which can activate metallocenes and related catalysts toward olefin polymerization. Related compositions and processes are disclosed."
9779066,1,0.000644,0,0,NOT_NOML,Photographic 3-pyrazolidinone developing agents,"The invention comprises 3-pyrazolidinones of formula <FORM:1039875/C2/1> where R1 and R2 are independently hydrogen or C1- 4 alkyl, at most one being hydrogen, R4 is a substituent group and R3 is hydrogen or a substituent group or R3 and R4 together constitute a cyclic substituent group, wherein the substituent or substituents present in the phenyl group are such that the Hammett 6 coefficient for the group or combination of groups has a negative value greater than 0.05. In examples: R3 = H and R4 = CH3, CH3O, C2H5, C2H5O and C3H7O; R3 = R4 = CH3; and R3 and R4 together = methylenedioxy. They are prepared by reacting a R3,R4-substituted phenylhydrazine with R2CH = C(R1)COOR5 (R5 = alkyl), R2CH = C(R1)-CONR6R7 (R6 and R7 are H or alkyl) or R2CH = C(R1)-CN, followed by hydrolysis of the product. 3-Imino-4-methyl-1-p-tolylpyrazolidine is isolated as an intermediate."
81380555,1,0.000627,0,0,NOT_NOML,Additive manufacture using composite material arranged within a mechanically robust matrix,An additively manufactured article is assembled from a plurality of printed voxels. The article includes a lattice of unit cells of a composite lattice material and an encasing matrix of structural material arranged between adjacent unit cells of the lattice. The structural material has greater mechanical strength than the composite lattice material.
84006761,1,0.000564,0,0,NOT_NOML,Permanent antistatic transparent polypropylene composition and preparation method thereof,"The invention provides a permanent antistatic transparent polypropylene composition and a preparation method thereof. The conductive inorganic compound with low addition amount is used as the antistatic agent, the addition amount is low, and the good antistatic effect can be achieved by the addition amount of 1%-8%. Due to the low addition amount, the coating treatment of the titanate coupling agent is matched, so that zero influence on the performance of the material can be realized. In the anti-static aspect, by adding the composite permanent anti-static master batch which is specially modified, the surface resistivity of the material is between 107 and 108 and is superior to 109 of a contrast."
85369689,1,0.000544,0,0,NOT_NOML,Method for calculating quantity of multi-stage latent heat reservoir,"The invention discloses a method for calculating the quantity of a multi-stage latent heat reservoir, and the method comprises the steps: firstly recognizing the multi-stage latent heat reservoir needing to be evaluated, carrying out the regional division of the multi-stage latent heat reservoir needing to be evaluated, and obtaining the boundary conditions and operation time of the multi-stage latent heat reservoir needing to be evaluated; setting evaluation calculation parameters of each stage of phase-change material in the divided area, obtaining the current temperature value of each stage of phase-change material in the divided area at the moment t, and recording a corresponding temperature distribution image; solving the heat storage/release evaluation physical quantity of each stage of phase change material in the divided region at the moment t, and obtaining the distribution of the heat storage/release quantity of each stage of phase change material according to temperature distribution imaging; and the total heat storage/release amount of the multi-stage latent heat reservoir at the moment t is calculated, and the total heat storage/release amount of the multi-stage latent heat reservoir in the whole operation process is calculated according to the operation duration of the multi-stage latent heat reservoir. According to the method, the quality of the energy stored in the heat reservoir is evaluated, so that the performance of the heat reservoir is optimized, and theoretical guidance is provided."
40945034,1,0.000519,0,0,NOT_NOML,"Resin composition for forming color filter by ink jetting, color filter and liquid crystal display device","The invention provides a pixel having excellent flatness without uncoated portion and resin composition for forming color filter by ink jet means. The invention provides resin composition for forming color filter by ink jet means; the resin composition comprises (A) colorant, (B) multi-functional monomer, (C) bond resin, (D) surface active agent with HLB being less than 10, and (E) organic solvent; the invention is characterized that: (E) organic solvent is organic solvent containing more than 70% (mass) in all the organic solvents with boiling point over than 180 degrees centigrade under high atmospheric pressure."
12761456,1,0.000515,0,0,NOT_NOML,DECOMPOSING METHOD FOR NOX,"PURPOSE:To reduce and decompose NOX efficiently while suppressing the oxidation of SOX by treating the NOX in waste gases contg. NOX and SOX with NH3 in the presence of the TiO2-V2O5-tin oxide catalysts prepd. by using stannous oxide as raw materials for tin oxide. CONSTITUTION:A raw material of TiO2 (e.g.; titanium oxide), a raw material of V2O5 (e.v.; V2O5 powder), and stannous oxide in the form of powder or the like are mixed. Next, water and molding assistants such as silica sol, glass powder or the like are added to this mixture, and these are mixed as uniformly as possible, thence the mixture is molded, dried and fired, whereby the above- mentioned catalysts are prepd. Thence, waste gases contg. NOX and SOX and the NH3 of 0.6-2 times mole the NOX are flowed through the bed of such catalysts under 200-600 deg.C temp. conditions. As a result, the NOX is reduced and decomposed efficiently while the oxidation of SOX is suppressed."
63611601,1,0.000513,0,0,NOT_NOML,Effectual shoe machine that dries by fire of drying,"The utility model relates to a dry by the fire shoe machine equipment technical field, and disclose an effectual shoe machine that dries by fire of drying, including the shoe cabinet, the cabinet doorhas been seted up in the front of shoe cabinet, the outer wall fixedly connected with handle of cabinet door, the inner wall of shoe cabinet is located the one end fixedly connected with deodorization package of bottom side, the last fixed surface of shoe cabinet is connected with the organism, the air outlet has been seted up at the top of organism, the top swing joint of air outlet has the stopper, the inner wall fixedly connected with sterilamp of organism, the bottom fixedly connected with fan of organism. This effectual shoe machine that dries by fire of drying through setting up deodorization package and sterilamp, can realize deodorization, peculiar smell removing and the purpose of disinfecting, through the rotatory epaxial rotor plate of the output fixed connection who sets up the motor, is provided with five fans, and the air outlet of fan is provided with and lies in the inside heating wire of organism, can realize carrying out even stoving on a large scale to shoes."
77132731,1,0.000499,0,0,NOT_NOML,Carbon black loaded highly-ordered PtCo intermetallic compound as well as synthesis method and application thereof,"The invention provides a synthesis method of a carbon black loaded highly-ordered PtCo intermetallic compound. The method comprises the following steps of A) dispersing cobalt salt, platinum salt and carbon black in a solvent to obtain turbid liquid; and B) removing a solvent from the turbid liquid, and sequentially conducting high-temperature annealing and slow cooling to obtain the carbon black loaded highly-ordered PtCo intermetallic compound, wherein slow cooling refers to naturally cooling after cooling to 550-650 DEG C at a cooling rate of 1.0-1.3 DEG C/min. According to the synthesis method provided by the invention, after high-temperature annealing is conducted, the temperature is reduced to 550-650 DEG C at the cooling rate of 1-1.3 DEG C/min by regulating and controlling the cooling rate during annealing, so that not only can the increase of alloy components in particles be effectively promoted, but also the alloy can be effectively promoted to be converted into the intermetallic compound when the temperature is lower than the phase transformation temperature, namely an ordered structure is formed. The highly ordered PtCo catalyst obtained through synthesis has excellent stability and catalytic oxidation-reduction activity, and is superior to commercial Pt/C."
55249522,1,0.000477,0,0,NOT_NOML,Special working table for assembling rotors,"The invention discloses a special working table for assembling rotors. The special working table comprises a working table and a rubber table surface; the working table has a rectangular desk structure; square holes are formed in a working table surface; the number of the square holes is greater than or equal to three; the square holes are distributed in the working table surface in parallel; the working table surface is further provided with the rubber table surface; and the rubber table surface has the same structure as the working table surface. The special working table has the advantages that the special working table is integrally formed, relatively long in service lifetime, and capable of effectively improving the mounting speed of rotors; and in addition, the rubber table surface can protect the rotors from being damaged."
73885058,1,0.000471,0,0,NOT_NOML,Heat exchanger and adsorbent reaction reduction system using same,"Aiming at the problem that an adsorbent needs to be recycled, the utility model provides the heat exchanger and the adsorbent reaction reduction system using the heat exchanger, after the adsorbent loses activity, the adsorbent can be heated and reduced to restore the activity so as to be recycled, the adsorbent reduction effect is good, the heat exchanger comprises a shell, and the shell is arranged in the shell. A feeding port is formed in the upper end of the shell, a discharging port is formed in the lower end of the shell, a heat exchange medium inlet is formed in the lower end of the shell, a heat exchange medium outlet is formed in the upper end of the shell, the heat exchange medium inlet is connected with the heat exchange medium outlet through a heat exchange pipe and a heat exchange medium connecting cavity, and the heat exchange pipe transversely penetrates through the shell. The heat exchange medium connecting cavity is located in the side portion of the shell and used forconnecting the two adjacent sections of heat exchange pipes. A longitudinally-arranged baffle is further arranged in the shell. A reducing gas inlet is further formed in the lower end of the shell and used for introducing reducing gas, a reducing gas outlet is formed in the upper end of the shell, and the heat exchanger is connected through a flue gas purification device to form a reaction system."
55454799,1,0.000469,0,0,NOT_NOML,Method and apparatus for print job with reduced memory footprint size,A method is described that includes applying a job ticket to a series of pages to produce a next sheet of document to be printed. The method further includes comparing substantive content of the sheet to respective substantive sheet content for a group of one or more previously generated sheets of the document that each contain the respective sheet content. The method further includes referencing the sheet to the group because the substantive content matched the respective substantive sheet content.
73788352,1,0.000361,0,0,NOT_NOML,Quenching tank capable of realizing automatic feeding,"The utility model discloses a quenching tank capable of realizing automatic feeding, which comprises a quenching tank body, a conveying mechanism and a feeding device, and the feeding device comprisesa lifting turnover structure; the lifting overturning structure comprises a rack, an air cylinder, a supporting plate, an overturning plate and a limiting block, the air cylinder is arranged below the rack, a telescopic shaft of the air cylinder is connected with the supporting plate above the air cylinder, and the overturning plate is arranged on the supporting plate, so that the air cylinder can drive the supporting plate and the overturning plate to reciprocate up and down; a blocking component is arranged on one side of the feeding end, the blocking component extends to the overturning plate, and when the overturning plate moves upwards to make contact with the blocking component, the overturning plate inclines towards the side of the blocking component; the limiting blocks are arranged on the two sides of the upper end face of the supporting plate, and the two limiting blocks are rotationally connected with the side portions of the overturning plate through rotating shafts respectively. Through the arrangement of the feeding device, the workpieces can enter the quenching tank automatically, the labor cost is reduced, and the whole process is stable and controllable."
63354374,1,0.000325,0,0,NOT_NOML,Operation smoke collecting and filtering device,"The invention discloses an operation smoke collecting and filtering device for collecting and filtering smoke and waste gases produced in the operation. The operation smoke collecting and filtering device is composed of a box body, a box cover, a sealing ring, a control unit, a negative pressure device, a solenoid valve, a plate-type filter element and hasps. The control unit is composed of a power switch, a manual switch, a pedal switch, an overcurrent protector and a negative pressure setting controller; the negative pressure setting controller is composed of a negative pressure setting part, a negative pressure control part and a negative pressure value display part; the box body is divided into a negative pressure box and a filter box by virtue of a partition plate; multiple groups ofslots are formed in the filter box; the filter element adopts a plate type; the plate-type filter element is inserted into the slots and performs multistage filtration; the box cover is arranged on the box body, the sealing ring is arranged below the box cover, and matched hasps are arranged on the box body and the box cover; and the negative pressure box can become a sealed space by fixing the hasps. The operation smoke collecting and filtering device is reasonable in design, convenient to use, safe and reliable."
65511225,1,0.00031,0,0,NOT_NOML,Lubricating oil mediation system based on portable vehicle platform,"The utility model provides a lubricating oil mediation system based on portable vehicle platform, it includes portable vehicle platform (1), be provided with on portable vehicle platform (1) and be used for the integrated loading platform who arranges lubricating oil mediation system, lubricating oil mediation system includes the oil mediation unit and the oil tank jar body (2), oil mediation unitincludes raw materials interface pipeline (3), filter (4), oil drain pump (5), precision filter (6) and flowmeter (7), raw materials interface pipeline (3), filter (4), all install on the loading platform of portable vehicle platform (1) oil drain pump (5) and flowmeter (7), the utility model discloses the advantage is: produce great change to traditional processing technology. After using the MBS system, the tank field is compacter, need not pipeline laying, need not build special mediation factory building, need not build the semi -manufactures tank district."
43011578,1,0.000243,0,0,NOT_NOML,REACTION APPARATUS FOR PRODUCING TRICHLOROSILANE GAS,"The present invention relates to a reaction apparatus for producing trichlorosilane gas. The reaction apparatus comprises: a cylindrical casing which receives silicon tetrachloride gas and hydrogen gas through the lower portion thereof and guides the received gas to the upper portion thereof; a heater installed in the casing to supply heat into the casing; an induction heating unit for induction-heating the heater; a heating medium which is injected into the casing and which is constituted by inert inorganic particles; and a plurality of nozzles arranged in the lower portion of the casing to spray the silicon tetrachloride gas and the hydrogen gas into the casing. The thus-configured reaction apparatus for producing trichlorosilane gas according to the present invention enables the silicon tetrachloride gas and the hydrogen gas to be remarkably uniformly mixed, and in particular has superior heat transfer efficiency, improved overall operating efficiency, and low operating costs. The reaction apparatus of the present invention minimizes the temperature of the heater relative to the mixture gas of the silicon tetrachloride gas and the hydrogen gas to prevent a side reaction of the hydrogen gas with the heater, thereby producing high purity trichlorosilane gas."
79429053,1,0.000193,0,0,NOT_NOML,Detachable liquid storage dryer for automobile air conditioner,"The utility model provides a detachable automobile air conditioner receiver-drier which comprises a condenser connecting pipe, a connecting disc, a limiting valve, a sealing gasket, a main receiver-drier body, an auxiliary receiver-drier body and an expansion valve connecting pipe. The sealing gasket is embedded in the connecting disc; the main liquid storage dryer is installed in the connecting disc through bolts, the auxiliary liquid storage dryer is installed in the connecting disc through bolts, and the expansion valve connecting pipe is welded to the lower portion of the connecting disc. Due to the arrangement of the condenser connecting pipe, the limiting valve and the auxiliary liquid storage dryer, replacement can be rapidly carried out, and normal use can still be achieved in the replacement project."
95843490,1,0.000182,0,0,NOT_NOML,Hoisting type anti-theft push plate and vending machine,"The utility model discloses a hoisting style anti-theft push plate and vending machine, including driving mechanism, mount and push plate, the driving mechanism is installed on the mount, the push plate is slidingly installed on the bottom of the mount, the output end of the driving mechanism is connected with the push plate, is used for pushing the push plate to slide on the mount. The push plate is installed at the bottom of the fixing frame in a hanging mode, a certain distance is reserved between the push plate and the fixing piece, when water vapor is condensed into water drops to be accumulated on the push plate, connection between the push plate and the fixing frame is not affected, and therefore the push plate can continue to slide at the bottom of the fixing frame, the structure is simple, and use is convenient."
50353332,1,0.000177,0,0,NOT_NOML,Preparation method and application of dolomite inhibitor,"A preparation method of a dolomite inhibitor comprises the following steps of firstly mixing sulfuric acid, hydrochloric acid and water by the mass ratio of the sulfuric acid to the hydrochloric acid to the water = 2-7:1-2:8-13 to obtain a solution 1, then adding benzoic acid or nitrobenzene into the solution 1 by the mass ratio of 1-3:3-10, and obtaining a solution 2 through stirring and solution; adding water-soluble sulfate or sulfite into the solution 2 by the mass ratio of 1-2:3-7, controlling the temperature of the solution 2 to be 40-50 DEG C, performing stirring reaction for 6-7h to obtain a solution 3, performing suction filtration on the solution 3 to obtain crystallized slime and finally drying the crystallized slime under the condition of 60-75 DEG C to obtain the dolomite inhibitor. By adopting the dolomite inhibitor, dolomites can be inhibited, and the fluorite concentrate grade is improved."
94301729,1,0.000121,0,0,NOT_NOML,Deacidification and degumming settling agent for lubricating oil as well as preparation method and application of deacidification and degumming settling agent,"The invention relates to the technical field of waste lubricating oil treatment, in particular to a lubricating oil deacidification and degumming settling agent and a preparation method and application thereof. The invention relates to a lubricating oil deacidification and degumming settling agent which is prepared from the following raw materials in parts by mass: 90-95 parts of potassium silicate with the mass concentration of 50%, 8-12 parts of calcium-based alkaline mineral powder, 7-9 parts of organic amine, 3-4 parts of a nonionic surfactant, 2-3 parts of a dispersing agent, 50-60 parts of an organic solvent and 20-30 parts of water. According to the deacidification and degumming settling agent for the lubricating oil, a new polymer obtained after the calcium-based alkaline mineral powder and the potassium silicate are combined with the pillared agent for modification and activity excitation is adopted, and the deacidification and degumming settling agent has very high adsorption capacity and ion exchange capacity, can adsorb polar substances such as carboxylic acid and inorganic acid in the waste lubricating oil, and has efficient deacidification and degumming effects; in practice, the acid value of the waste lubricating oil can be reduced from 8mgKOH/g to below 0.01 mgKOH/g by using the acid reducing agent."
86299037,2,0.002993,0,0,NOT_NOML,Valve actuator,"The invention discloses a valve actuator, and relates to the technical field of valve switch control equipment. The valve actuator comprises a rack, the rack is provided with a fixing plate, a mounting plate and a rotating shaft, a lifting cam is mounted on one side face of the fixing plate, the lifting cam is provided with a first through hole for the rotating shaft to penetrate through, and a stroke groove is formed in the circumferential face of the outer side of the lifting cam; the start-stop control assembly comprises a rotating disc, a pressing shaft and a bottom plate, the rotating disc is rotatably mounted on the mounting plate, one end of the rotating shaft is rotatably mounted on the fixing plate, the other end of the rotating shaft is connected to the rotating disc, the pressing shaft is movably inserted into the rotating disc, one end of the pressing shaft is movably mounted in the stroke groove, and the other end of the pressing shaft is connected to the bottom plate. The other end of the pressing shaft is connected to the bottom plate, and a clamping jaw is arranged on one side face of the bottom plate. After the valve actuator is installed on the valve, the valve actuator can be actively separated from a handle of the valve, and an operator can conveniently and manually operate the valve."
38842940,2,0.002924,0,0,NOT_NOML,DRY FILM COMPRISING PHOTOSENSITIVE COMPOSITION AND INK JET HEAD COMPRISING THE DRY FILM,"<P>PROBLEM TO BE SOLVED: To enable pattern formation on a substrate having through holes and concavities by forming a cationic polymerizable epoxy-based photosensitive composition having high alkali resistance into a dry film, and to provide an ink jet head excellent in reliability by using the dry film. <P>SOLUTION: A phenoxy resin having an epoxy ring is mixed as a binder in an amount of 5-60 wt.%, thereby enhancing film performance. <P>COPYRIGHT: (C)2008,JPO&INPIT"
75795818,2,0.002823,0,0,NOT_NOML,Garbage compression device for water garbage collection robot,"The utility model provides a garbage compression device for a water garbage collection robot, belongs to the technical field of robots, and solves the problems of excessive water in garbage, increased load and the like. Comprising a ship body, a driving device, an extrusion bin, an extrusion plate and a baffle, the driving device, the extrusion bin, the extrusion plate and the baffle are arranged on the ship body, the driving device is used for driving the extrusion plate to move towards the baffle or move away from the baffle, and the extrusion plate is used for compressing garbage in the extrusion bin and filtering water in the garbage out of the baffle. The ship body can replace manual work to salvage garbage in water and can compress the garbage, the size and weight of the garbage are reduced, and the garbage load of the ship body is increased."
32954480,2,0.002811,0,0,NOT_NOML,ANIMAL CELL GROWTH RETARDANT AND ANTIOXIDANT COMPRISING PIGMENT SUBSTANCE DERIVED FROM MUSHROOMS,"<P>PROBLEM TO BE SOLVED: To obtain an animal cell growth retardant and/or an antioxidant derived from mushrooms realizing growth retarding effects and antioxidizing actions in any sites and in any timing for animal cells. <P>SOLUTION: The growth retardant for the animal cells is characterized as comprising a pigment produced in a woody part with Chlorociboria aeruginosa or its analogous fungi or a pigment contained in the fungal bodies of Chlorociboria aeruginosa or its analogous fungi as an active ingredient. <P>COPYRIGHT: (C)2004,JPO&NCIPI"
47058480,2,0.002726,0,0,NOT_NOML,Medicine applying scratcher,"The utility model provides a medicine applying scratcher. The scratcher comprises a handle, an injector and a hand-shaped rake, wherein one end of the handle is a handheld end, and the other end of the handle is provided with a sleeve; one end of the sleeve is fixedly connected with an end cap; the end cap is in threaded connection with a nut matched with the end cap; one end of a piston push rod of the injector is sleeved in the sleeve; the nut is screwed at the joint and presses a jacket curled edge of the injector; a hole is formed on the side wall of the sleeve; flow guide holes are formed in the rake; the rake comprises a connecting end connected and matched with an injection port of the injector; a plurality of fins are arranged at the other end of the rake, which is opposite to the connecting end; and the flow guide holes are formed in the connecting end and the fins. The medicine applying scratcher has the advantages that a patient with dermatosis can apply a medicine to the back and the waist by using the medicine applying scratcher; hands can be prevented from contacting the medicine, so that sanitation is achieved, and the medicine is prevented from being polluted; and an ointment can be effectively saved when the medicine is applied in a large area, and other susceptible populations cannot be infected."
73144841,2,0.002705,0,0,NOT_NOML,Construction warning board for water conservancy project,"The construction warning sign for the water conservancy project comprises a connecting rod, and a warning sign body is connected to the top of the connecting rod in a sleeved mode. A user pushes the push rod backwards, the push rod moves backwards to be matched with the sliding groove to enable the connecting column and the fixing plate to move backwards in a limiting mode, the fixing plate movesbackwards to drive the fixing column to move backwards, and the fixing column moves backwards to drive the sliding sleeve to move backwards. A spring backwards pushes a sliding sleeve to move and drives a hollow fixing rod to move backwards to be fixed in a limiting groove through an opening, otherwise, a push rod is pulled forwards to enable a connecting column and a fixing plate to move forwards, and the fixing plate forwards drives the sliding sleeve and the hollow fixing rod to move forwards to be disengaged from the limiting groove to remove fixation; and finally, the warning board body and the supporting rod are separated and are convenient to carry, the problem that an existing warning board is inconvenient to carry is solved, the labor force carried by a user is reduced, the working time of the user is shortened, and the practicability of the warning board is improved."
4588727,2,0.002611,0,0,NOT_NOML,Method for simplifying terminal processing in data transmission over cable,"The invention relates to a processing method of simplified terminal used in transferring data on cable by using MPEG packet to transfer protocol data packet. A target address field is created on a MPEG packet and target address field in protocol data packet is put into target address field of a MPEG packet at the data-transmitting end. When a data-receiving end receives a MPEG packet, it checks whether the target address is same as own target address. If yes, the data-receiving end accepts this MPEG packet; if no, the packet is discarded. The invention simplifies data processing on the terminal. The method makes the terminal, which does not recognize the format of invented MPEG packet, compatible."
26705268,2,0.002541,0,0,NOT_NOML,HERBICIDAL HETEROCYCLIC SULFONAMIDES,"Sulfonamides of the formula <CHEM> wherein J is a substituted aryl group of defined structure; R is H or a lower organic group; A is a mono- or bicyclic heterocyclic group; exhibit herbicidal activity. Some also show a plant growth regulant action, The novel compounds may be made by a variety of techniques, e.g. by reacting an arylamine JNH2 with a sulfonyl chloride ASO2Cl."
90226759,2,0.002541,0,0,NOT_NOML,Gold stamping and embossing integrated device for printed matter,"The utility model discloses a printed matter gilding and embossing integrated device, which belongs to the technical field of gilding and embossing devices, and comprises a support frame, a first driving roller and a second driving roller, the first driving roller is rotatably connected in the support frame, the second driving roller is rotatably connected in the support frame, and the first driving roller is rotatably connected in the support frame. A first forward and reverse motor is fixedly connected to the side face of the supporting frame, and the other end of an output shaft of the first forward and reverse motor is fixedly connected to the side face of the first transmission roller. People can use a control switch to control a second positive and negative motor to operate after placing a printed matter at the upper end of a placing plate, so that a first threaded column is driven to rotate, and a pressing plate is driven to move downwards to fix the printed matter under the cooperation of the first threaded column and a threaded cap, so that the printed matter is prevented from deviating in the conveying process; and the embossing and gold stamping position deviation is avoided, and the embossing and gold stamping quality of printed matter is improved."
32921449,2,0.002522,0,0,NOT_NOML,Drive for chain driven coal cutter has a housing fitted to the clearing chain housing and with a removable insert block for access to the chain wheel and chain lifter,"A chain driven coal cutter has the chain wheel (7) mounted on a shaft (8) set through the side plates (2, 3) of a housing bolted onto the chain drive housing of the chain clearing system and directly driven off a clearing chain wheel. The housing can be separated from the clearing chain housing for maintenance and repair. The drive shaft (8) is supported between end bearings (9) with the inner plate (3) having a removable block (13) holding the bearings. A secondary block (14) is attached to and is removed with the removable block and is fitted with a pivot shaft (16) for a chain lifting cam (17). The shaft is fitted through a rear nose of the chain lifting cam which is set in a recess in the rear end of a tapering chain guide (5). The chain wheel and chain lifting cam are easily accessed following removal of the insert block."
15984660,2,0.002415,0,0,NOT_NOML,DIVISION SYSTEM WITH 4-FOLD ACCURACY,PURPOSE:To perform the division of high accuracy at a high speed by using a divider of (4-fold accuracy divided by double accuracy) which improves the accuracy of a dividend without changing the accuracy of a divisor to obtain the approximate value of the quotient and then correcting the quotient. CONSTITUTION:A divider 6 of (4-fold accuracy divided by double accuracy) can improve the accuracy (byte width) of a dividend without changing the accuracy of a divisor and sets the byte width of the divisor added with the width equivalent to +1 digit to a residual register according to the dividend of high accuracy in the first arithmetic cycle time. Then the following lower (n) bits (1 digit) of the dividend are extracted successively at and after the next arithmetic cycle time and then set to the lower (n) bits of a partial residual register. This operation is repeated to perform the division of high accuracy through a divider of low accuracy. The approximate value of the quotient is obtained by the divider 6 and this quotient is corrected by means of a multiplier MXD7 of double accuracy and an adder/subtractor AXR8 of 4-fold accuracy. Thus the division of 4-fold accuracy is carried out.
66307134,2,0.002369,0,0,NOT_NOML,Wanglian seedling packaging box,"The utility model provides a Wanglian seedling packaging box and aims to overcome the defects that in the prior art, a packaging box for transporting Wanglian seedlings is unreasonable in structure, so that the Wanglian seedlings are prone to damage in the transporting process, and boxing of the Wanglian seedlings is inconvenient. The Wanglian seedling packaging box comprises a box body, and a containing cavity is formed in the box body; the accommodating cavity comprises a first accommodating part for accommodating a seedling pot and a second accommodating part for accommodating blades; a connecting hole for communicating the first accommodating part with the second accommodating part is formed between the first accommodating part and the second accommodating part; wherein the box body comprises a first part and a second part, and the first part and the second part are respectively provided with a recess for forming an accommodating cavity. The recesses forming the accommodating cavities are formed in the first part and the second part, the first accommodating part is used for accommodating the seedling basin, the second accommodating part is used for accommodating the leaves, andthe connecting holes are used for accommodating the stems of the king lotus seedlings, so that the transportation of the king lotus seedlings is facilitated, and the king lotus seedlings are not easyto damage in the transportation process."
7199488,2,0.002333,0,0,NOT_NOML,Roller Bearing with Cylindrical Rollers,"1,198,766. Bearings. W. SCHAEFFLER and G. SCHAEFFLER, [trading as INDUSTRIEWERK SCHAEFFLER OHG]. 8 April, 1968 [15 April, 1967], No. 16848/68. Heading F2A. [Also in Division B3] The outer race ring 1 of a cylindrical roller bearing is formed from sheet metal without machining and comprises grooves 8 which are positioned adjacent the ends of the rollers 2 and are formed without machining. A cage 3 may be provided."
70426385,2,0.002296,0,0,NOT_NOML,Belt edge bander,"The invention discloses a belt edge bander. The belt edge bander is suitable for thickness materials of PVC, PU and PE, and includes a rectangular machine frame. The two ends of the machine frame arerespectively connected with an unwinding chuck and a winding chuck, and a plurality of auxiliary carrier rollers are arranged on the machine frame; a slotting roller and a welding and edge banding roller are installed on the machine frame. The slotting roller and the welding and edge banding roller are separated by the auxiliary carrier roller, one end of a thickness material winds the auxiliary carrier rollers, the slotting roller and the welding and edge banding roller in a S shape and extends to the winding chuck to be wound. A slotting component is arranged between the slotting roller andthe welding and edge banding roller. The slotting component includes a first blade, and the first blade is in contact with the thickness material on the slotting roller and is used for slotting the thickness material; an edge banding welding rod component is installed on one side of the welding and edge banding roller, includes a feed tray, the feed tray is in contact with a slot of the thicknessmaterial on the welding and edge banding roller, and an edge band is welded into the slot of the thickness material on the welding and edge banding roller by the feed tray."
69538964,2,0.002287,0,0,NOT_NOML,Air pump,"The utility model is suitable for the technical field of medical equipment. The air pump comprises a transfer pipette used for supporting a sampling head, a piston rod installed in the transfer pipette in a sliding mode, a guide pipe arranged on the transfer pipette in a sleeving mode and connected with the sampling head in an abutting mode, and a sliding block fixedly arranged on the piston rod in a sleeving mode and used for pushing the guide pipe in an abutting mode so that the guide pipe can remove the sampling head. The guide pipe is arranged between the sampling head and the sliding block. Compared with the prior art, the sliding block is fixedly sleeved on the piston rod, when the sampling head needs to be replaced, the piston rod slides downwards along the pipette, and when the sliding block is in contact with the guide pipe, liquid injection in the pipette is completed. And in the process that the piston rod continues to slide downwards, the sliding block drives the guide pipeto slide downwards together, and the guide pipe pushes the sampling head until the sampling head is removed. Therefore, the air pump can automatically complete the operation of removing the samplinghead, the replacement efficiency of the sampling head is high, and the labor cost is low."
90979335,2,0.002243,0,0,NOT_NOML,Blowing module and blower,"The blowing module comprises a machine body shell, a heating assembly and a fan assembly, at least two airflow channels are formed in the machine body shell, and an air inlet and an air outlet which are communicated with the outside are formed in the two ends of each airflow channel respectively; the fan assembly is arranged close to the air inlet, and the heating assembly is arranged in the airflow channel and close to the air outlet. The heating assembly comprises heating pieces, a plurality of containing spaces are formed in the heating assembly, and the heating pieces are arranged in the containing spaces. The blowing module can achieve a more uniform heating effect, and the total contact area of the heating piece and airflow can be increased by arranging the multiple containing spaces, so that the heating efficiency is improved."
86265834,2,0.002192,0,0,NOT_NOML,Multi-station cooperative marshalling station hub small-run operation plan compilation method and system,"The invention belongs to the field of railway freight, and particularly relates to a multi-station cooperative marshalling station hub small-run operation plan compilation method. Comprising a marshalling station and a plurality of intermediate stations, and the intermediate stations and the marshalling station carry out distribution demand reporting and signing, and/or the intermediate stations and the intermediate stations carry out distribution demand reporting and signing; reporting and signing train marshalling demands between the intermediate stations and marshalling stations, and/or reporting and signing train marshalling demands between the intermediate stations; the intermediate station obtains a traffic flow on-line demand according to the signed air distribution demand and the train marshalling demand and reports the traffic flow on-line demand to a marshalling station, and the marshalling station signs for the traffic flow on-line demand; and the marshalling station compiles a first operation plan with the starting station as the intermediate station according to the signed traffic flow on-line demand, and compiles a second operation plan with the starting station as the marshalling station according to the signed air distribution demand and the train marshalling demand. The method has the advantage that the traffic flow orderly flows in the hub range, and the overall efficiency and benefits of a global transportation organization are improved."
75509719,2,0.002068,0,0,NOT_NOML,Method for rapidly and accurately determining mud content of building sand,"The invention discloses a method for quickly and accurately measuring the mud content of building sand. The method comprises the following steps of: 1) uniformly distributing sampling parts when sampling on a sand pile; 2) drying the sand material, weighing the dried sand material to obtain the weight of the sand material, and recording the weight as m1; 3) dissolving the sand material in water, and fully dispersing the agglomerated particles in the sand material; 4) selecting a 200-mesh sieve for first-step sieving, drying and then weighing the obtained components larger than 75 micrometers, and recording the weight of the components is the weight of sand and as m2; and 5) washing the remaining substances through slow flow interruption, washing the turbid solution to a clarified state, collecting the precipitated powder, drying, weighing to obtain the weight m3 of the stone powder, and calculating of the mud content according to a formula. According to the method, only the mud powder smaller than 75 microns is used as a mud substance to calculate the mud content, so that the calculated mud content can better conform to the influence rule of powder substances with different components on the performance of the concrete."
94897672,2,0.001897,0,0,NOT_NOML,Parking structure and control method,"The invention relates to the technical field of gearboxes, in particular to a parking structure and a control method. A transmission structure is arranged on the mounting shaft (1); the transmission structure is connected with a parking gear (2); a driving structure is arranged on the parking gear (2); a pawl (3) is arranged on one side of the mounting shaft (1); the pawl (3) is connected with the parking gear (2); the moving part is changed into the parking gear from the pawl, so that the situation that the pawl is clamped with the parking gear or the pawl breaks teeth unexpectedly when a vehicle is in a non-P gear can be effectively avoided; and meanwhile, the parking gear is connected with the gear shifting assembly through the driving structure, when a P gear is started, the relative positions of the parking gear and the gear shifting assembly are not changed all the time, it can be ensured that when the whole vehicle is at the non-P gear, the parking gear and the pawl are certainly in a disengaged state, and the situation that the gears are not matched does not occur."
5127446,2,0.001839,0,0,NOT_NOML,Washing machine having centrifugal pump,"The washing machine with centrifugal pump not only sprays washing liquid onto the articles but also supplies air bubbles into a spin tub, thereby improving the washing effect. The centrifugal pump includes a first housing, a second housing fixedly coupled to the first one, an impeller in the first housing to circulate the washing liquid into a spraying nozzle or an outlet tub, a rotor rotating inforward and reverse directions ,and a solenoid valve assembly for supplying air to the impeller. The washing maching has complex turbulance in the spin tub to prevent the articles to be tangled. The air bubbles collide against the liquid flow to improve washing efficiency as well as to dissolve detergents easily."
41198835,2,0.001796,0,0,NOT_NOML,MOBILE TERMINAL DEVICE,"In a mobile terminal device, a hinge member and a conductive member provided on a chassis and functioning as an antenna are electrically contacted with each other through the slide operation of a chassis and thereby can be configured as an antenna usable in various use situations without providing a separate antenna. Consequently, the mobile terminal device is provided, the manufacture cost of which can be suppressed, the size and thickness of which can be reduced, and which can prevent antenna characteristics from degrading because the antenna is not provided at a portion gripped by a hand. In the device, a first chassis (101) has a radio circuit (112). A second chassis (102) has a ground plate (121) and is attached so as to be freely slidable with respect to the first chassis (101). A tilt hinge member (104a) rotatably connects the first chassis (101) to the second chassis (102), is fed from the radio circuit (112), and functions as an antenna together with the ground plate (121) when the hinge member is electrically contacted with the ground plate (121) through the slide operation of the second chassis (102)."
52371164,2,0.001761,0,0,NOT_NOML,Flue gas waste heat recovery heat exchanger,"The invention discloses a flue gas waste heat recovery heat exchanger which comprises casing, a filter screen and heat exchange pipes. A gas inlet cavity, a heat exchange cavity and a gas collection cavity are arranged in the casing from left to right in sequence. A flue gas pipe is communicated on the left side of the gas inlet cavity. The filter screen is installed between the flue gas pipe and the gas inlet cavity. A left baffle is vertically arranged between the gas inlet cavity and the heat exchange cavity. Round through holes are formed in the left baffle, the horizontal heat exchange pipes are communicated in all the through holes, and a plurality of fins are fixed on the pipe walls of the heat exchange pipes. The right ends of the heat exchange pipes are fixed on a right baffle. The flue gas waste heat recovery heat exchanger injects flue gases into the heat exchange pipes, and accordingly the heat exchange pipes and the fins deliver heat for the heat exchange cavity simultaneously; flue gases and liquid in the heat exchange cavity exchange heat in the gas inlet cavity and the gas collection cavity; the filter screen can filter out impurities in the flue gases and fasten flue gas circulation. In addition, the flue gas waste heat recovery heat exchanger is not prone to scale, good in the heat exchange effect, reliable in work, efficient and energy saving."
66467434,2,0.001681,0,0,NOT_NOML,The invention discloses a clothes hanger illumination system and a clothes hanger thereof,"The utility model discloses a clothes hanger illumination system. The device comprises a base and a supporting column, The top of the base is in threaded connection with the bottom end of a supportingcolumn through threads. Four clothes airing rods are fixedly connected to the position, located above the base, of the surface of the supporting column at equal intervals, a fixing ring is fixedly connected to the end, away from the supporting column, of each clothes airing rod, a fixing shell is fixedly connected to the top end of the supporting column, and a through groove used in cooperation with the solar cell panel is formed in the top of each fixing shell. The invention discloses a clothes hanger illumination system and a clothes hanger thereof. Fixing shell is arranged;, Solar cell panel, When the solar clothes hanger is used, the fixing rod, the fixing hole and the compression spring enable a solar cell to be overhauled or replaced conveniently, operation is easier and more convenient, through cooperation of the solar cell panel and the LED illuminating lamp, when clothes are aired or collected at night, illumination is facilitated, and solar energy is utilized more environmentally friendly."
26554960,2,0.001675,0,0,NOT_NOML,CATHEPSIN-L-SPECIFIC INHIBITOR POLYPEPTIDE,"A polypeptide having the amino acid sequence represented by the following SEQ ID NO: 1, and a cathepsin-L-specific inhibitor and an osteoporosis remedy each containing the polypeptide as the active ingredient. The polypeptide has such potent cathepsin-L-specific inhibitor and bone resorption inhibitor activities that it is useful for treating osteoporoses, in particular, senile osteoporosis."
53688683,2,0.001675,0,0,NOT_NOML,Preparation method of upersensitive nitrogen dioxide sensing material,"The invention relates to a preparation method of a supersensitive nitrogen dioxide sensing material. The method adopts a two-step process, including preparation of a tin dioxide crystal seed and hydrothermal growth of a tin dioxide nanometer flower. The preparation method comprises the following steps: step 1, by taking stannic chloride of which the hydrolysis rate is extremely sensitive to temperature as a raw material, dispersing the stannic chloride in water and calcining to obtain the tin dioxide crystal seed; step 2, grinding the obtained crystal seed; dispersing in ice water; adding sodium hydroxide and the stannic chloride; stirring under an ice bath condition to form a mixed solution; performing hydrothermal synthesis of the tin dioxide nanometer flower; centrifugally washing, collecting and drying to obtain the supersensitive nitrogen dioxide gas-sensitive material. A new generation of supersensitive ppb-grade nitrogen dioxide gas-sensitive material can be obtained by controlling the external temperature of the supersensitive nitrogen dioxide gas-sensitive material during hydrolysis. The supersensitive nitrogen dioxide sensing material obtained by the method disclosed by the invention has the characteristics of being highly sensitive, stable for a long time, good in selectivity, capable of work at room temperature and the like, so the practicability of the material is greatly improved."
43108102,2,0.001661,0,0,NOT_NOML,Combined cover used for transfusion packaging and transfusion container with same,"The utility model provides a combined cover used for transfusion packaging, which comprises a connecting cover, a sealing cover and a rubber plug. The connecting cover is a big end down structure and is provided with a small cavity and a transition cavity, a sealing diaphragm is disposed between the small cavity and the transition cavity, a sealing portion is arranged on the sealing cover, the sealing portion is provided with a pull ring convenient for forcedly pulling away the sealing portion, the sealing cover is welded or adhered with the connecting cover, the small cavity is closed by the sealing cover, and the rubber plug is in injection molding in the small cavity of the connecting cover. The utility model further provides a transfusion container, which comprises a body and the combined cover used for transfusion packing, wherein the body is used for containing liquid medicine, and the combined cover is connected with the body. In the combined cover and the transfusion container with the same, the connecting cover of the combined cover utilizes the big end down structure so that cost of the connecting cover is reduced, and the rubber plug is filled below the sealing cover through double injection molding process, thereby reducing the cost of the rubber plug, and bringing convenience for popularization and use."
89188489,2,0.001623,0,0,NOT_NOML,Fungus planting box,"The utility model discloses a fungus planting box which comprises a box body and a box cover, the box cover is made of light-transmitting materials, the box body is made of light-proof materials, and air holes are formed in the box cover. Each air hole is provided with a set of opening adjusting assembly used for adjusting the opening degree of the air hole, each opening adjusting assembly comprises a base and a rotating stop block, the base is connected to the air hole in a sealed mode, the base is provided with a first through hole, the rotating stop block is rotationally connected to the base, and the rotating stop block is provided with a second through hole and a sealing part; the ventilation hole is formed in the box cover, and the opening adjusting assembly is arranged on the ventilation hole, so that the air inlet amount of the ventilation hole can be adjusted according to actual needs, and when the air temperature is low, the air inlet amount can be reduced in time for heat preservation; when the air temperature is high, the air inflow can be increased in time for heat dissipation, and normal growth of fungi is affected; the box body is made of light-proof materials, and the situation that the roots of fungi grow towards the two sides due to phototaxis can be avoided."
34646591,2,0.001597,0,0,NOT_NOML,CAMERA FOR PICKING UP OUTDOOR IMAGE,"<P>PROBLEM TO BE SOLVED: To pick up the image of the outside of a car without obstructing the viewing field from the inside of the car by using the visual field from the inside to the outside of the car. <P>SOLUTION: A half mirror 5 is formed within a region where dirt or humidity is wiped out by wipers 3 in a rear glass 4, and a light incident into the region to be wiped out by the wipers 3 is refracted and guided into the inside of the rear glass 4. A camera 6 is installed on the upper end surface of the rear glass 4 being the outside of visual field. Since one part of a light transmitting the rear glass 4 from the outside of the car is branched by the half mirror 5 guided through the rear glass 4 as a light guiding path and received by the camera 6, even if the camera 6 is installed in the visual field, images outside the car can be picked up. <P>COPYRIGHT: (C)2005,JPO&NCIPI"
35045760,2,0.001579,0,0,NOT_NOML,B4C+Al bead welding remelting method for magnesium alloy surface,"The present invention relates to welding technology, and is B4C+Al bead welding re-melting method for magnesium alloy surface. The present invention has the following steps: 1) treating magnesium alloy workpiece surface via grinding, eliminating oxide, flushing with anhydrous alcohol and drying in the air; 2) mixing B4C and Al powder, and adding PVB via stirring to obtain coating material; 3) painting the compounded coating material onto the surface of magnesium alloy workpiece, and drying naturally or stoving; and 4) tungsten electrode arc welding and re-melting of the magnesium alloy workpiece surface under the protection of inert gas. The present invention can raise the surface hardness, wear resistance and corrosion resistance, and has simple equipment, easy operation, low production cost and other advantages."
46362284,2,0.001543,0,0,NOT_NOML,Plastic molding equipment,"The utility model discloses plastic molding equipment, which is provided with a frame, a feeding mechanism, a positioning mechanism, a heating mechanism, a molding mechanism, a power mechanism and a control mechanism, wherein the frame is provided with a processing station and heating sliding rollers; the processing station is provided with a material charging inlet and a material discharging outlet; the heating sliding rollers are fixed on the frame and arranged above the processing station; the positioning mechanism is movably arranged on the processing station; the heating mechanism is movably arranged on the heating sliding rollers; the molding mechanism is provided with an upper mold and a lower mold; the upper mold and the lower mold are movably arranged above and below the processing station respectively; and the plastic molding equipment is also provided with an air blowing mechanism, an auxiliary material charging mechanism and a cutting device. According to the plastic molding equipment, automatic plastic molding can be realized under the control of the control mechanism; and the plastic molding equipment has the characteristics of high production efficiency and good product quality."
66863918,2,0.00149,0,0,NOT_NOML,Hot pressing production equipment for automobile cushion,"The invention relates to hot pressing production equipment for automobile cushions. The hot pressing production equipment comprises a frame, a first feeding device, a second feeding device and a hot pressing device; the hot pressing device comprises an upper die, a lower die, a heating plate and a temperature control system; and the temperature control system comprises a control terminal for controlling the heating plate to heat the upper die and the lower die and controlling operation of the upper die and the lower die, a temperature detection module for detecting the temperatures of the upper die and the lower die in real time, a threshold module with a built-in temperature preset value database, a calling module for calling required preset values in a temperature preset value database for setting, a comparison module for receiving the detected temperature and comparing with a temperature preset value called by the calling module, and a trigger module for triggering a main control terminal to control the heating plate to heat the upper die and the lower die. The temperature conditions of the upper die and the lower die can be known in real time, and when the temperatures of the upper die and the lower die are reduced, the heating plate is controlled to heat the upper die and the lower die."
89478009,2,0.001467,0,0,NOT_NOML,Paper industry production waste crushing and recycling device with pre-compression function,"The utility model discloses a pre-compressed paper industry production waste crushing and recycling device which comprises a crushing box, a linear moving assembly, a recycling assembly and an extruding assembly. The linear moving assembly comprises a fixed seat arranged on the supporting rod, a lead screw in bearing connection with the fixed seat and a rotating motor fixedly connected with the lead screw, and the recycling assembly comprises a recycling box in threaded connection with the lead screw; the extrusion assembly comprises a second fixing plate arranged at the top end of the fixing base, a second air cylinder arranged on the second fixing plate and an extrusion plate arranged at the bottom end of the second air cylinder. The recycling box can collect crushed waste materials, a rotating motor of the linear moving assembly can push the recycling box to horizontally move through a lead screw until the recycling box is located under the extrusion assembly, and then a second air cylinder of the extrusion assembly can drive an extrusion plate to extrude the waste materials in the recycling box. And the waste materials can be compressed into cakes so as to be conveniently carried and treated."
93420259,2,0.001432,0,0,NOT_NOML,Fixed rotary powder spraying type degasser,"The utility model relates to the field of degassing machines, in particular to a fixed rotary powder spraying type degassing machine. The utility model provides a fixed rotary powder spraying type degassing machine which can adjust the direction of a stirring rod to stir molten aluminum and ensure complete degassing of the molten aluminum. A fixed rotary powder spraying type degasser comprises a base, a rotating rod, a lead screw, a rotating block, a first motor and the like, the rotating rod is rotationally connected to the upper side of the base, the lead screw is rotationally connected into the rotating rod, the rotating block is connected to the upper portion of the lead screw in a threaded mode, the rotating block is slidably connected with the rotating rod, and the first motor is connected to the upper side of the rotating rod. According to the aluminum liquid degassing device, a third motor is started to drive a second pinion to rotate, so that the second pinion and a second large gear are meshed to move, a cam rotates, a rotating rod is driven to rotate, and the effects that the direction of a stirring rod can be adjusted to stir aluminum liquid, and it is ensured that the aluminum liquid is completely degassed are achieved."
74726425,2,0.001427,0,0,NOT_NOML,Waste heat boiler adopting efficient heat exchange element,"The waste heat boiler comprises a smoke box and a reaction furnace body, the reaction furnace body is installed at the upper end of the smoke box, a connecting plate is arranged on the outer wall of the front end of the smoke box, a smoke inlet is formed in the outer wall of the right end of the smoke box, and a smoke outlet is formed in the outer wall of the right end of the smoke box. The heat exchange efficiency of the waste heat boiler is improved through a brand-new design, heat exchange is enhanced through the spiral finned tubes, the stress of the waste heat boiler is reduced, the peakshaving requirement of a combined cycle unit is fully met, the heat exchange efficiency of a boiler heat exchange assembly is improved through the flue gas baffling type waste heat boiler, and hot flue gas at the tail of the unit is utilized as much as possible; meanwhile, the size of the waste heat boiler is improved, the weight of the waste heat boiler is reduced, a smoke flowing part is dividedinto a high-temperature section, a middle-temperature section and a low-temperature section through a heat exchange module in the waste heat boiler and a smoke flowing path designed in a folding range, respective heat exchange conditions and elements are designed for each part, and smoke heat in different temperature intervals is utilized to the maximum extent."
16798859,2,0.00141,0,0,NOT_NOML,POWER VEHICLE,"PURPOSE:To prevent a front wheel side from running thoughtlessly at a high speed during low speed work so as to improve safety by correlating a suitable detector, which detects a running car speed, to a front wheel side acceleration switching machine in a manner wherein acceleration of the front wheel side is invalidated caused by the running car speed increased to a predetermined high speed or more. CONSTITUTION:In the case of performing farming work by mounting a work machine to a tractor, high speed work such as running on a road is not normally performed. Accordingly, a subtransmission 7 is shifted to a low speed side to place a main transmission 6 in an intermediate or low speed. Here, by reading a rotational speed of an input gear 16 of a car speed detecting part by a detector 18, its detection signal is input to a CPU20 through an A/D converter circuit. When a running speed is increased to a high speed, a switch of an acceleration switching mechanism 14 is controlled off by the CPU20 to excite a solenoid based on the rotational speed of the gear 16 detected by the detector 18. In this way, rotation in a side of a front wheel 2 is maintained to a stance of acceleration inability."
4269465,2,0.001405,0,0,NOT_NOML,"Stacking trolley for transporting and/or storing a stack of stackable chairs, and a stackable chair","The stacking trolley has an at least approximately vertical support frame (40) composed of at least two supports (50). On the lower part of the support frame there is a rack (42) inclined relative to the supports (50) and intended for the stack (44) of the chairs (46) which are to be stacked. The support frame (40) and the rack (42) are connected to a wheel frame (48). Suitable for use with the stacking trolley is a stackable chair (46), the front legs (8) of which have a smaller outer distance between them than the inner distance between the rear legs (10). In addition, the width of the seat shell (2) is smaller than the inner width between the rear legs, and, as a result, the chair can be slid onto a chair of identical design, starting from the front and sliding to the rear. <IMAGE>"
72077440,2,0.001346,0,0,NOT_NOML,Beautifying liquid injection device for mask production,"The utility model discloses a beautifying liquid injection device for mask production, and belongs to the field of beauty makeup industry. The device comprises a box body and an output port in the bottom of the box body, a partition plate is arranged in the box body, the bottom of the partition plate is connected with a sleeve, the input end of a water pump is connected with a liquid conveying pipe, the liquid conveying pipe is located in the sleeve, and the lower end of the liquid conveying pipe extends downwards in the sleeve; a spiral heating plate is connected in the box body, the outer wall of the box body is connected with a heat source generator, the heat source generator is electrically connected with the spiral heating plate, and the end, away from the water pump, of the liquid spraying pipe is located above the spiral heating plate; according to the utility model, the solidification phenomenon can be prevented, meanwhile, the spiral sheet is used for stirring at the bottom ofthe box body, a stock solution at the bottom of the box body can be turned over to prevent the stock solution from depositing, and the ultraviolet lamp at the top of the spiral heating plate is usedfor carrying out ultraviolet sterilization on the stock solution flowing on the spiral heating plate, so that the quality of the stock solution is improved."
71129646,2,0.001255,0,0,NOT_NOML,RESEALABLE BEVERAGE CAN LID,"A resealable beverage can lid is disclosed having a lid having a top side having a first scored opening and a second scored opening and a bottom side, a first rivet formed in the lid and extending outwardly from the top side of the lid, a second rivet formed in the lid and extending outwardly from the bottom side of the lid, the second scored opening encompassing the first rivet and the second rivet, a tab portion connected to the first rivet, and a closure element connected to the second rivet."
13741309,2,0.001174,0,0,NOT_NOML,Torque converter cover,"A torque converter cover (3) has a rim (3a) which is created by deformation of the central area using a single piece of material. The rim is further shaped by the incorporation of a central depression in one end-surface. Finally, the cylindrical sides of the rim (3a) are machined to size and fit."
75998116,2,0.001174,0,0,NOT_NOML,Preparation method of composite microsphere coating with adjustable hydrophobicity,"The invention belongs to the field of hydrophobic materials, and particularly relates to a preparation method of a composite microsphere coating with adjustable hydrophobicity, and the preparation method comprises the following steps: preparing silicon dioxide spheres with different particle sizes by using TEOS as a silicon source, and modifying the silicon dioxide spheres with KH-570 respectively; then, allowing vinyl-terminated polydimethylsiloxane (VS 500) and hydrogen-containing silicone oil XL-1341 to be subjected to crosslinking to prepare silicone rubber microspheres; then compounding the two microspheres through hydrosilylation to obtain a composite microsphere; and finally, dispersing the composite microspheres in normal hexane to prepare the composite microsphere coating with adjustable hydrophobicity. The silicon dioxide pellets with different particle sizes are compounded with the silicon rubber microspheres through hydrosilylation to prepare the composite microspheres with different size ratios and double-size roughness, so that the hydrophobicity is adjusted by adjusting the size ratio of a subject to an object, and finally the microsphere coating with high hydrophobicity and high adhesion is obtained."
26342925,2,0.001169,0,0,NOT_NOML,"Transparent conductive layered structure and method of producing the same, and coating liquid for forming transparent conductive layer used in production of transparent conductive layered structure and method of producing the same","The present invention relates to a transparent conductive layered structure having a transparent substrate and a transparent conductive layer and transparent coating layer formed in succession on this substrate, used in, for instance, the front panel of CRT, etc., display devices. The main components of said transparent conductive layer are noble metal microparticles with a mean particle diameter of 1 to 100 nm, wherein the microparticles are made from gold and/or platinum and silver and the gold and/or platinum content is within a range exceeding 50 wt% up to 95 wt%, and a binder matrix. Moreover, the main components of the coating liquid used to form a transparent conductive layer in the production of a transparent conductive layered structure are solvent and noble metal-coated silver microparticles with a mean particle diameter of 1 to 100 nm dispersed in this solvent, wherein the surface of the silver microparticles is coated with gold or platinum only or a compound of gold and platinum and the gold and/or platinum content is within a range exceeding 50 wt% up to 95 wt%."
33722498,2,0.001103,0,0,NOT_NOML,Resin injector,"The utility model relates to a resin injector which comprises a cylinder, a piston, a piston rod and an injecting seat, wherein, one side of the piston arranged in the syringe type cylinder is connected with the inner end of the piston rod of which the outer end is connected with a handle; the injecting seat is connected with the front end of the cylinder via threads. The upper part of the piston rod is provided with a flat wing, and the shaft center of the piston rod is provided with an injecting through hole of which the inner end is provided with a reflux prevention port. One part of the piston rod, which is positioned in the cylinder, is sheathed with a coil spring. The back end of the cylinder is provided with a cover body via threads. Both ends of the coil spring are respectively supported between the inner side of the cover body and the inner side of the piston. The center of the cover body is provided with a flat hole fitted with the section of the flat wing of the piston rod. The injecting through hole of the utility model can be connected with an injecting machine for high-pressure injection. Resin left in the cylinder after high-pressure injection can be continuously pressed in cracks via the strong spring in the utility model, and the strong uniform elastic force of the strong spring is used for durably pressing the resin in, so that remote tiny cracks can be repaired to enhance the quality of members. The flat wing of the piston rod can be pulled out from the cover body, rotated at a certain angle and fixed, so that the spring lies in the compression state. When the piston is needed for injection, the piston rod is rotated back till the flat wing is inserted in the flat hole on the cover body, so the resin injector is transformed to the injecting state. The utility model has the advantages of convenient operation and labor saving."
73308360,2,0.00102,0,0,NOT_NOML,Avocado-containing fiber capable of conditioning skin and preparation method of avocado-containing fiber,"The invention relates to the technical field of textiles, in particular to avocado-containing fiber capable of conditioning skin and a preparation method of the avocado-containing fiber. The avocado-containing fiber comprises the following raw materials in parts by mass: 2-5 parts of an avocado extracting solution, 2-10 parts of fiber forming polymer, 1-4 parts of an additive, 10-20 parts of firstcoagulating bath, 0.2-1 part of an antioxidant, 2-5 parts of polyester filament yarns, 10-20 parts of ethanol, 30-50 parts of purified water and 10-20 parts of second coagulating bath. The prepared fiber is rich in various plant essential oils, can condition the skin, is good in size stability and heat stability, can be widely applied to the field of textiles, and is particularly suitable for health care products such as infant products, mask base materials and daily necessities."
92718530,2,0.001012,0,0,NOT_NOML,Preparation method of multi-phase and multi-scale AlSiMgNiCu high-silicon aluminum-based composite material,"The invention discloses a preparation method of a multi-phase and multi-scale AlSiMgNiCu high-silicon aluminum-based composite material, and relates to a preparation method of a high-silicon aluminum-based composite material. The invention aims to solve the technical problems that the performance of the existing high-silicon aluminum-based composite material is influenced by a thick primary Si phase, the machining difficulty is high, and the manufacturing cost is high. According to the AlSiMgNiCu high-silicon aluminum-based composite material and the preparation method thereof, the AlSiMgNiCu high-silicon aluminum-based composite material with eight precipitated phases is finally obtained through reasonable component design, addition of a certain amount of alterant and refiner and extrusion casting of semi-solid slurry under a high-pressure condition, formation of a coarse primary Si phase is effectively inhibited, the size of the Si phase is obviously refined and is about 20 microns, and the size of the Si phase is about 20 microns. And meanwhile, an alpha-Al matrix and other precipitated phases are refined to different degrees, and a uniformly-distributed multi-phase and multi-scale microscopic structure is formed."
14238075,3,0.009674,0,0,NOT_NOML,SEMICONDUCTOR MANUFACTURING EQUIPMENT,"PURPOSE:To make it possible to selectively remove, at a high accuracy, unwanted resist films only formed at the outer peripheral portion of a wafer and also prevent the occurrence of pin holes in resist films due to splashing of a chemical solution for dissolving resist films. CONSTITUTION:This is a semiconductor production equipment 10 for forming a thin film on the surface of a wafer 1 by coating a required chemical solution by rotation on the wafer 1; and it comprises a cover 4 for covering a region inside the outer peripheral portion 3 of the surface of the wafer 1 placed on a wafer-placing base 7 with a gap maintained between the cover and the wafer surface and an etching solution dripping nozzle 6 for dripping a solution for etching a thin film formed on the surface of the wafer 1."
66859613,3,0.009674,0,0,NOT_NOML,"POS data communication method, device, terminal device and system","The invention provides a POS data communication method. The method comprises the following steps: determining whether a POS terminal in a wireless network is connected for the first time; If yes, receiving a pairing request from the POS terminal, and establishing a connection with the POS terminal based on the pairing request; and if not, reading a pre-stored Mac address corresponding to the POS terminal from a pre-stored list of the Mac addresses, and establishing connection with the POS terminal according to the pre-stored Mac address. The POS terminal actively initiates a pairing request and successfully pairs for one time; and if the subsequent Bluetooth needs to be reconnected due to disconnection, the paired POS card reader can also be automatically connected back to the POS terminalthrough the Bluetooth, and the POS terminal does not need to initiate the pairing request again, so that the trouble that the POS terminal initiates the pairing request for multiple times is solved."
73841457,3,0.009636,0,0,NOT_NOML,Special dismounting device for screw pump,"The invention discloses a dismounting device for a screw pump. The dismounting device for the screw pump comprises a pin shaft dismounting device and a stator and rotor dismounting device. According to the dismounting device for the screw pump provided by the invention, the stator and rotor dismounting device and the pin shaft dismounting device are combined for use, so that the screw pump can berapidly dismounted and maintained, the maintenance time is saved, the labor cost is reduced, and the operation safety is also improved. The dismounting device for the screw pump has the advantage of low cost, is convenient for enterprises to better improve the production efficiency, and avoids severe economic loss caused by long-time delay."
90474157,3,0.009598,0,0,NOT_NOML,"SMALL ANIMAL DETECTION SYSTEM, SMALL ANIMAL DETECTION METHOD AND PROGRAM","To provide a small animal detection system, small animal detection method and program capable of detecting small animals through a simple structure.SOLUTION: A small animal detection system includes: a moving body detection sensor that is installed in a facility; an acquisition unit that acquires moving body detection data detected by the moving body detection sensor; and an estimation unit that estimates whether a small animal or a human has entered and is currently inside in the facility on the basis of the moving body detection data acquired by the acquisition unit.SELECTED DRAWING: Figure 1"
35171172,3,0.009377,0,0,NOT_NOML,APPARATUS AND METHOD FOR SCREENING GEL COATED SEED,"<P>PROBLEM TO BE SOLVED: To provide an apparatus and method for screening gel coated seed, which can conduct differentiation in any color wavelength region by eliminating an irregular reflection caused by surface roughness of a gel coating. <P>SOLUTION: This gel coated seed screening apparatus 14 comprises a transfer device 5 in which a storage part 2 for storing gel coated seeds 1 rotates seed storage rotators 4, provided at equal intervals on an outer peripheral end 3, in a direction indicated by an arrow T to transfer the gel coated seeds. This apparatus further comprises a feeder 6 for storing a given amount of gel coated seeds 1 fed along the outer peripheral end 3 in the transfer device 5 and for feeding the gel coated seeds 1 one by one to the storage part 2, an immersion device 8 for immersing the gel coated seeds 1, fed to the storage part 2, in a liquid 7, a differentiating device 9 for judging whether the gel coated seeds 1 are acceptable or unacceptable in such a state that the gel coated seeds 1 are immersed in the liquid 7, and a discharge device 11 for discharging the differentiated gel coated seeds 1 to a storage part 10. <P>COPYRIGHT: (C)2006,JPO&NCIPI"
84649931,3,0.008949,0,0,NOT_NOML,Children game human bowling device,"The utility model discloses a children game human body bowling device which comprises a base, a bowling ball body, a bowling ball body, a bowling ball body and a bowling ball body, the first vertical plate is fixed on one side of the base; the second vertical plate is fixed to the other side of the base, and the first vertical plate and the second vertical plate are both perpendicular to the base; and the slip rope rail is fixed between the first vertical plate and the second vertical plate. The sliding rope swing has the advantages that the conventional stimulation playing method function of the sliding rope swing is achieved, and the impact stimulation sense is added, so that the playing method is more interesting; the bowling scene is added, so that the playing method is more special and immersive, children can have certain preliminary understanding of the bowling sports, and the insight is increased."
32603767,3,0.008575,0,0,NOT_NOML,Improvements in and relating to Electric Junction Boxes for Telephone Systems.,"28,127. Sch÷rg, L., and L÷hner, K, [trading as Schorg, F.]. Dec. 11, 1905, [date applied for under Patents Act, 1901]. Man-hole doors and frames.-The cover of an electric junction or terminal box for underground telephone systems is made with a groove f to correspond with a similar groove in the lower half, the two grooves forming, when the cover is in position, a channel which can be filled through the holes g with ' Bergmann ' or similar waterproof cement ; a screw plug h is also provided so that the box can be connected to a pressure or vacuum pump for joint-testing purposes. The cover is held on by a single screw k, carried on a pivoted yoke i."
11579371,3,0.008186,0,0,NOT_NOML,APPLICATION OF SOLDER TO CONNECTOR,"PURPOSE:To stabilize junction between a connecter and a mother board by providing a flange at one side of a cylindrical solder and engaging the solder into a throughhole in the mother board and letting it reflow. CONSTITUTION:A cylindrical solder 13 molded in the form of an eye rivet is engaged into a throughhole 1-1 provided in a mother board 1 from the side of a connecter 2. A pin 2-1 of the connector 2 is put through the inside of the cylindrical solder 13 to apply the connecter 2 to the mother board 1. The solder 13 is let to reflow under an atmosphere of high temperatures in this condition, so the throuhhole 1-1 and the pin 2-1 are connected with each other. The fused solder 13 is not scattered to the tip of the pin 2-1, but filled in the hole 12-1 instead, thereby a stable junction of a good reliability can be achieved."
57119932,3,0.008095,0,0,NOT_NOML,CONTROL CIRCUIT FOR A VAPOUR PROVISION SYSTEM,"A control circuit for a vapour provision system comprises a first controller with capability to control a first set of components in the vapour provision system; a second controller with capability to control a second set of components in the vapour provision system, at least one component in the second set being also in the first set; and a communication link between the first controller and the second controller by which at least one controller can monitor operation of the other controller; wherein one or both controllers is operable to, via the communication link, detect a fault with the capability of the other controller to control the at least one component and, in response, assume control of the at least one component."
77370820,3,0.008064,0,0,NOT_NOML,"Equipment calibration method and device, storage medium and electronic device","The invention discloses an equipment calibration method and device, a storage medium and an electronic device. The method comprises the steps that an operation instruction of a target object is received through a client side of a terminal; a first target audio is played to a plurality of pieces of target equipment in response to the operation instruction, and first energy values fed back after the plurality of pieces of target equipment respond to the first target audio are received, wherein the distances between the plurality of pieces of target equipment and the terminal are within a preset range, and the first energy values are used for calibrating first target components of the plurality of pieces of target equipment; after the calibration of the first target components of the plurality of pieces of target equipment is completed, specified equipment in the plurality of pieces of target equipment is indicated to play a second target audio, and second energy values obtained after the plurality of pieces of target equipment respond to the second target audio are received for calibrating second target components of the plurality of pieces of target equipment; and after the calibration of the second target components is completed, a compensation coefficient matrix determined according to the first energy values and the second energy values is sent to the plurality of pieces of target equipment, so that the plurality of pieces of target equipment calibrate the first target components and the second target components according to the compensation coefficient matrix."
53662780,3,0.008003,0,0,NOT_NOML,Stiff skeleton structure for bridge closure,"The utility model provides a stiff skeleton structure for bridge closure. The stiff skeleton structure comprises a first tooth base, a second tooth base, pre-burying boards, reserved bolts, a skeleton beam and an adjusting cushion block. The first tooth base and the second toot base are oppositely arranged on the two sides of a bridge closure segment respectively, a first closure face is formed on the first tooth base, and a second closure face is formed in the second tooth base. The pre-burying boards are fixedly arranged on the first closure face and the second closure face respectively. The reserved bolts are fixedly arranged on the pre-burying boards respectively. The skeleton beam comprises a first connection end and a second connection end, the first connection end is fixedly connected to and abuts against the first closure face through the reserved bolts, the second connection end is fastened to the reserved bolts on the second closure face, and a length adjusting interval is formed between the second connection end and the second closure face. The adjusting cushion block is arranged in the length adjusting interval, and at least one side in the length adjusting interval tightly abuts against the second connection end, so that the interval between the second connection end and the second closure face is controlled. By means of the stiff skeleton structure, the problem that an existing skeleton cannot be used repeatedly is solved, and the adjustability, efficiency and quality of bridge closure construction are further improved."
40420967,3,0.007519,0,0,NOT_NOML,Flight-shaped two-phase mixing and intensified burning apparatus,"The invention provides a spiral fin-shaped two-phase mixing and supplemental firing device, which belongs to the technical fields of two-phase mixing device and supplemental firing device. The device is applicable to gas-liquid two-phase mixing and similar supplemental firing of flame moving to the lower reaches of a detonation tube. The invention is characterized by comprising a plurality of evenly distributed spiral fins, wherein, the thread pitch of the spiral fins is 25mm to 300mm; the number of the spiral fins is determined by both the total block area ratio and the width of the spiral fins, wherein, the total block area ratio is between 40 percent and 60 percent. The invention overcomes the shortcomings of the prior art, reduces kinetic energy loss of the gas flow, and evenly distributes the turbulence level."
19845745,3,0.007347,0,0,NOT_NOML,SEED TRAY,"Seed tray (1), provided with a number of essentially cylindrical passages (4) spaced from each other and extending vertically between the main surfaces (2,3) of the tray (1), each of which passages (4) has a supporting rim (8) at one of the main surfaces (3) of the tray (1), said rim (8') being suitable for holding thereon a seed pot, each passage (4) being provided with at least one rib (5) running essentially in the longitudinal direction of the passage (4). <IMAGE>"
51707270,3,0.007347,0,0,NOT_NOML,Wind tunnel type turbine generator,"A disclosed wind tunnel type turbine generator comprises a wind tunnel apparatus with thermal insulation property, the wind tunnel apparatus comprises an air-inflow constriction section, a test section and an exhaust expansion section; the front end of the air-inflow constriction section is provided with an air compressor; the front end of the air compressor is provided with a heating member; and the test section is inside provided with an airflow turbine connected with a power generator. Therefore, by heating air passing through the air compressor by means of the heating member, a high-speed airflow is formed in the test section of the wind tunnel apparatus and drives the airflow turbine to rotate to generate electric power, and also steam is prevented from being coagulated at an outlet of the airflow turbine because of low temperature, and thus the electric generating effect is guaranteed."
58424480,3,0.007149,0,0,NOT_NOML,Sensing temperature changes just corrugated container board of auto -enhancement structure,"The utility model relates to a sensing temperature changes just corrugated container board of auto -enhancement structure, include from interior past interior corrugated board, the layer that absorbs water, waterproof layer, signal shielding layer, elastic layer and the outer corrugated board who sets gradually outward, be provided with a core section of thick bamboo between interior corrugated board and the outer corrugated board, a core section of thick bamboo pierces through the layer that absorbs water, waterproof layer, signal shielding layer and elastic layer and interior corrugated board and outer corrugated board are connected respectively to both ends, interior corrugated board corresponds a core section of thick bamboo with outer corrugated board surface and is provided with interior conducting strip and outer conducting strip respectively, interior conducting strip is connected through a heat conduction stick that sets up in a core section of thick bamboo with outer conducting strip, heat conduction stick overcoat is equipped with the sealed air bag of annular elasticity, air bag set up a core section of thick bamboo and heat conduction stick enclose close the cavity that forms in, outer conducting strip surface coating has the themochromic layer."
74075672,3,0.007038,0,0,NOT_NOML,Tipping paper length abnormity detection system,The utility model discloses a tipping paper length abnormity detection system. The extension direction of a first mounting bracket of the tipping paper length abnormity detection system is the same asthe extension direction of a central shaft of a detection drum; the second mounting bracket is connected with the first mounting bracket in a sliding fit manner; the second mounting bracket is provided with a detection surface extending along the circumferential direction of the detection drum wheel and a detection hole extending along the extending direction of the detection surface; the tippingpaper position detection mechanism comprises a first detection unit and a detection driving unit; the abnormal cigarette position detection mechanism comprises a second detection unit. The tipping paper position detection mechanism of the tipping paper length abnormity detection system can detect the position of the tipping paper of the cigarette on the detection drum; and the abnormal cigaretteposition detection mechanism can detect the position of the cigarette with abnormal tipping paper length on the detection drum wheel.
86059454,3,0.006905,0,0,NOT_NOML,AEROSOL-GENERATING DEVICE,"An aerosol-generating device is disclosed. The aerosol-generating device of the disclosure includes a housing having an insertion space, a heater configured to heat a stick inserted into the insertion space, at least one sensor configured to output a signal corresponding to the insertion space, a power circuit electrically connected to the heater to transmit power to the heater, and a signal circuit electrically connected to the sensor to transmit a signal corresponding to the sensor. The power circuit includes a low-pass filter."
67113185,3,0.006363,0,0,NOT_NOML,Stirring and pressurizing type instant tea powder hollow granulating device,"The utility model provides a stirring and pressurizing type instant tea powder hollow granulating device, and belongs to the technical field of instant tea production. The device comprises a concentrated solution storage tank and a carbon dioxide storage tank, the concentrated solution storage tank is connected with a pressurized mixing tank through a first plunger pump, the pressurized mixing tank is provided with a stirrer, the carbon dioxide storage tank is connected with the pressurized mixing tank, the pressurized mixing tank is connected with a second plunger pump, and the second plungerpump is connected with a spray drying tower. According to the utility model, carbon dioxide and tea concentrate can be stably fed respectively without mutual influence, the feeding process is stableand reliable, the feeding device is suitable for large-batch production operation, and hollow instant tea powder is obtained."
38080578,3,0.006168,0,0,NOT_NOML,Undergroung Water Supply System,"An underground water supply system having an induction groove which is opened on one side which gets to the pointed end part from the inlet port is provided. The system is simple in structure and easy to mold and thus reduces the manufacturing cost. In the conventional underground water supply system comprising a pumping device for pumping water in a storage tank, an inlet port(12) for supplying the pumped water to the ground and a water supply device(10) with a pointed end part(13) at the lower part, an induction groove(20) is formed at the lower part of the inlet port and opened on one side which gets to the pointed end part. A main hose has a plurality of connecting holes and is connected to the pumping device. A scale(15) is formed the outer peripheral surface of the water supply means to indicate the depth."
85711886,3,0.006096,0,0,NOT_NOML,Reinforcing steel bar hoisting device for capping beam construction,"The utility model discloses a reinforcing steel bar hoisting device for capping beam construction, which belongs to the technical field of bridge construction and comprises a bearing section, a hoisting rope and a hoisting hook, each bearing section is an arc-shaped block, the bearing sections are sequentially connected to form a bearing beam, a through hole is formed in the middle of the side face of each bearing section in a penetrating mode, a lifting rope is arranged above the bearing beam, the two ends of the lifting rope are connected with the through holes in the two ends of the bearing beam respectively, and the lower portion of each through hole is connected with a lifting hook through a rope. The device disclosed by the utility model has the advantage of uniform stress, and can solve the problem that the straight beam is extremely easy to damage due to non-uniform stress of the straight beam."
45100142,3,0.006004,0,0,NOT_NOML,Oxiracetam freeze-dried powder preparation and preparation method thereof,"The invention relates to an oxiracetam freeze-dried powder preparation and a preparation method thereof. The preparation comprises: a. an active component: a compound with a structure of formula (I) and a molecular formula of C6H10N2O3*0.25H20 (I); b. a freeze-drying protective agent. Samples of the obtained freeze-dried powder preparation are subjected to a 6-month accelerated test and a 36-month long-term stability test under a commercial packing condition, and the tests observe that each detection index is within the scope prescribed by the quality standard and shows no obvious change. Thus, the preparation of the invention has stable quality under a commercial packing condition."
12596799,3,0.005775,0,0,NOT_NOML,LOUDSPEAKER CIRCUIT,"PURPOSE:To attain simultaneous loudspeaker talking without feeling of disorder by switching a loss of a variable loss element inserted respectively to a transmission circuit and a reception circuit alternately at a frequency higher than the voice frequency so as to prevent howling. CONSTITUTION:A variable loss element AS1 is inserted to the transmission circuit amplifying an output of a microphone MC and sending the result to line L1, L2 via a side tone prevention circuit CL, and a variable loss element AS2 is inserted to the reception circuit amplifying a reception signal from the lines L1, L2 via the circuit CL and sending the result to a speaker SP. The control circuit CT switches the high loss state and the low loss state of both the elements AS1, AS2 alternately at a frequency being twice or over the voice frequency. Since either of the elements AS1, AS2 is in the high loss state at all times, the loop gain is always the unity or below in a closed circuit comprising microphone transmission circuit reception circuit speaker microphone and no oscillation takes place. Moreover, since the switching frequency is higher than the voice frequency, it is not perceived."
44573802,3,0.0056,0,0,NOT_NOML,Single-layer blade driving device for beam-limiter of X-ray apparatus,"The utility model relates to a medical instrument, in particular to a single-layer blade driving device for a beam-limiter of X-ray apparatus, which comprises a horizontal blade and a vertical blade, wherein the horizontal blade and the vertical blade are arranged on a beam-limiter substrate; the horizontal blade is fixed on a horizontal blade bracket after being connected to one end of a horizontal driving wire rope; a horizontal blade guide rail is arranged in a guide rail hole of the horizontal blade bracket; the horizontal driving wire rope passes by a horizontal reversing idler wheel along the vertical direction after passing through horizontal guiding idler wheels arranged on four corners of the beam-limiter substrate; the vertical blade is fixed on a vertical blade bracket after being connected to one end of a vertical driving wire rope; a vertical blade guide rail is arranged in the guide rail hole of the vertical blade bracket; and the vertical driving wire rope passes by a vertical reversing idler wheel along the vertical direction after passing through vertical guiding idler wheels arranged on four corners of the beam-limiter substrate. The single-layer blade driving device has simple structure, is low in cost and can be used for efficiently shielding redundant X-rays."
9740906,3,0.005447,0,0,NOT_NOML,Improvements relating to riveting machines,"289,539. Brittain, F. C., and Westing- house Brake & Saxby Signal Co., Ltd. Jan. 28, 1927. Riveting. - A percussive riveting tool 6 is mounted eccentrically in a sleeve 11 which is itself eccentrically mounted in a fixed sleeve 12, the relative angular positions of the tool and the sleeve 11 being adjustable by handwheels 15, 18 so that the tool may be displaced from the work axis by an amount varying from zero to the sum of the eccentricities of the tool and the sleeve 11. The sleeve 9 may be rotated by pawl and ratchet mechanism driven by compressed air. The work may be carried in a frame to which the tool is attached, or the tool may be mounted on a radial arm so as to be vertically, radially and angularly adjustable. The outer sleeve 12 may be under control of a piston to advance or retract the tool relatively to the work."
56333962,3,0.005386,0,0,NOT_NOML,Lantern-shaped water treatment biological stuffing sleeve,"The invention relates to a lantern-shaped water treatment biological stuffing sleeve which comprises a stuffing sleeve body and connecting units.Two ends of each layer of the stuffing sleeve body are opposite end to end, each connecting unit is fixed between the corresponding two ends and composed of two connecting lines in a direction parallel to axis of the stuffing sleeve, the axis of the stuffing sleeve is enabled to be on a plane formed by the two connecting lines, namely the corresponding connecting unit and enabled to have an equal distance to the connecting lines, and an included angle between planes formed by each two adjacent connecting units is 1-35 degrees.Round openings are formed at two ends of the stuffing sleeve body, the stuffing sleeve is lantern-shaped and is hollow inside, the shape of the stuffing sleeve body has certain radian, grids are distributed on the surface of the stuffing sleeve body in longitude-latitude direction, and the inside of the stuffing sleeve body can be seen through the surface.The stuffing sleeve is made of a relatively hard material, stuffing penetrates into the inside of the stuffing sleeve for working, the stuffing sleeve on the outer layer can effectively prevent a stuffing hanging film inside from being affected by hydraulic impact and can protect the hanging film from being damaged due to the fact that the stuffing is distributed closely and wound mutually, and efficiency of the stuffing during actual running is improved."
72822844,3,0.005302,0,0,NOT_NOML,Color-adjustable lighting assembly,"The utility model discloses a lighting assembly with an adjustable color. The lamp comprises a mounting bottom plate, a lower clamp, a bearing plate, a lampshade and a box body, adsorption discs are mounted at the four corners of the bottom of the mounting bottom plate correspondingly. A stabilizing sucker is mounted in the middle of the bottom end of the mounting bottom plate, a lower clamp is mounted at the top end of the mounting bottom plate, an upper clamp meshed with the lower clamp is mounted at the top end of the lower clamp, a bearing plate is mounted at the top end of the upper clamp, a damping spring is mounted at the top end of the bearing plate, and a stabilizing rod is mounted at the top end of the damping spring. The device is provided with the lower clamp and the adsorptiondisc arranged at the bottom end of the mounting bottom plate; two placement modes can be adopted for the device, the device can be clamped to a bed head through mutual cooperation of the lower clampand the upper clamp, or the mounting bottom plate can be prevented from toppling over through the adsorption disc at the bottom end of the mounting bottom plate, the stability of the device is enhanced, and the device can be effectively prevented from toppling over."
79939585,3,0.005039,0,0,NOT_NOML,Device for uniformly stirring and mixing raw materials,"A device for uniformly stirring and mixing raw materials relates to the field of mechanical stirring equipment, and comprises a movable shaft, a hollow shaft, a tank body and a tank cover, a solid column is arranged at one end of the hollow shaft, and a plurality of linear guide grooves are formed in a shaft body of the hollow shaft. A stirring motor is mounted at the bottom of the tank body, an output shaft of the stirring motor is correspondingly connected with a solid column of the hollow shaft, and a first stirring paddle is fixed on the outer wall of the hollow shaft; a limiting sleeve is fixed to the center of the tank cover, the outer end of the movable shaft is sleeved with a rotary supporting sleeve, the rotary supporting sleeve and the movable shaft are rotationally connected and axially fixed, and a telescopic cylinder capable of driving the rotary supporting sleeve to vertically move is installed on the upper surface of the tank cover. The inner end of the movable shaft is correspondingly inserted into the hollow shaft, a shaft body of the movable shaft is fixedly provided with a sliding sheet which is matched with the section of the linear guide groove and can slide along the linear guide groove, and the outer end of the sliding sheet is fixedly provided with a second stirring paddle; according to the raw material stirring and uniform mixing device, the distance between the stirring paddles can be changed in the stirring process, so that the uniform mixing effect is improved."
63266934,3,0.004719,0,0,NOT_NOML,Trimming jaw and processing table of burr removing device,"The invention provides a trimming jaw and a processing table of a burr removing device. According to the invention, the trimming jaw can be mounted easily. The trimming jaw is used for removing burrson the inner surface of a puller body of a zipper. The trimming jaw includes a pair of carrier parts (3a, 3a) arranged on a pair of side bases (4a, 4a) that are arranged in a spaced manner in the leftand right direction; a pair of side jaw parts (3b, 3b) protruding from the carrier parts in a manner of narrowing the gap between the side jaw parts, guiding the puller body (90) in a manner of linear movement in the forward and backward direction and used for removing burrs formed on the inner surface of an inner passage (98) penetrating through the puller body in the forward and backward direction; and a joint part (3c) connected to a pair of the carrier parts above the side jaw parts, wherein a pair of the carrier parts, a pair of the side jaw parts and the joint part are arranged integrally."
73892140,3,0.004681,0,0,NOT_NOML,Doppler frequency shift compensation method and device,"The invention relates to the field of communication, in particular to a Doppler frequency shift compensation method and device, which are used for ensuring the consistency of a terminal side and a network side in Doppler frequency shift compensation. The method comprises the following steps that: a network side indicates Doppler compensation reference information preset for each beam cell in a satellite coverage area to a terminal side, so that a terminal accessed to each beam cell can obtain a Doppler compensation value of the terminal side in time, and the consistency of the terminal side and the network side in Doppler frequency shift compensation is ensured; the terminal side and the network side can jointly compensate and eliminate Doppler frequency shift caused by satellite movementaccording to unified configuration information, the influence caused by Doppler frequency shift is eliminated to the maximum extent, the communication performance of the system is guaranteed, the Doppler frequency shift compensation problem caused by satellite movement is effectively solved, the data communication performance of the terminal is ensured, and the service reliability of a satellite communication system is improved."
64615934,3,0.004646,0,0,NOT_NOML,Composite heat-preservation system steel bar truss welding forming production line and truss production method,"The invention belongs to the technical field of wire mesh machining device, and discloses a composite heat-preservation system steel bar truss welding forming production line and a truss production method. The composite heat-preservation system steel bar truss welding forming production line is mainly technically characterized in that a straightening mechanism, a welding mechanism, a net pull mechanism, a net cutting mechanism, a net piece sending mechanism, a bending mechanism and a discharging mechanism are included; the welding mechanism comprises one or more pairs of horizontal wire positioning mechanisms, each horizontal wire positioning mechanism comprises a fixing base and a fixing bracket, a spring steel sheet is arranged on the upper portion of each fixing bracket, a fixed ruler head is arranged at the front end of each spring steel sheet, a transverse wire penetrating hole is formed in each fixed ruler head, a wire outlet is formed in the front end of each wire penetrating hole, and a magnetic block is arranged at the rear end of each wire penetrating hole; and the bending mechanism comprises an upper bending cutter and a lower bending cutter corresponding to the upper bending cutter, a wire-jacking clamping groove with the section being semicircular is formed in the upper portion of the lower bending cutter, and a net piece conveying rack is located between the upperbending cutter and the lower bending cutter. When a net piece is pulled forwards, a transverse bar is pulled out from the wire outlet, the net piece is uplifted, abrasion of a lower electrode is avoided, the bent net piece is hooked by a discharging hook, and discharging is facilitated."
91938175,3,0.004593,0,0,NOT_NOML,Cable bridge convenient to overhaul,"The utility model discloses a cable bridge convenient to overhaul, which comprises a fixed frame, a top cover and a bottom plate, the top cover and the bottom plate are connected to the top end and the bottom end of the fixed frame, the two sides of the fixed frame are connected with liftable side plates, and the bottom plate is connected with a pressing mechanism used for synchronously pressing the two side plates. The pressing mechanism comprises four positioning heads, two L-shaped plates, a fixing seat, a stud, a threaded block and two push-pull plates, the two positioning heads are connected to the corresponding L-shaped plates, the end of the stud is rotationally connected to the fixing seat, the stud is used for driving the threaded block to ascend and descend, the two ends of each push-pull plate are connected with the corresponding L-shaped plates and the corresponding threaded block, and the two ends of each push-pull plate are connected with the corresponding L-shaped plates and the corresponding threaded block. The fixing base is connected with a positioning mechanism used for positioning the two L-shaped plates. According to the cable bridge, the two side plates can be synchronously loosened, the transverse plate can be lifted to drive the two side plates to synchronously move upwards, the two side plates can be conveniently fixed again, at the moment, the two sides of the fixing frame are in an open state, the interior of the cable bridge can be conveniently overhauled, the operation space is large, and practicability is high."
15942419,3,0.00415,0,0,NOT_NOML,DATA WRITE ARRANGEMENT FOR COLOR GRAPHIC DISPLAY UNIT,"A plurality of color graphic memories (41,51,61) are assigned the same address space, and are connected to a common data bus (X1). It is determined by a separately output memory select data which one of the color graphic memories (41,51,61) is to be written into. In the case of writing the same data into two or more of the color graphic memories (41,51,61) at the same address, the color graphic memories to be written into are selected by the memory select data first and then the same data is written into the selected colour graphic memories in the same write cycle."
38491914,3,0.004086,0,0,NOT_NOML,IMAGE PROCESSOR AND RECORDING MEDIUM,"<P>PROBLEM TO BE SOLVED: To provide an image processor and a recording medium allowing the automatic execution of the control or the like of a system on an image processor side on the basis of taken-in image data. <P>SOLUTION: An image database wherein a plurality of photographed images are previously associated to prescribed processing and stored is created and stored in a storage medium 8. When photographing an object by a camera 20, a CPU 1 in a mobile terminal 10 compares the photographed image with an image stored in the image database, and executes processing corresponding to an approximate image. <P>COPYRIGHT: (C)2007,JPO&INPIT"
61807451,3,0.004005,0,0,NOT_NOML,Sludge drying device,"The invention provides a sludge drying device. A lifting device which is capable of integrally lifting a sludge pool is arranged at the bottom of the sludge pool, a cutter and a guide rail are arranged above the sludge pool, and the cutter can move along the guide rail; a nozzle is arranged on the upper part of the cutter, the cutter includes a left blade and a right blade which are arranged in aconical shape, and the guide rail is fixedly connected with vertical telescopic rods; hot water pipes are arranged on the outer circumstance and the bottom surface of the sludge pool, the hot water pipes are connected to a solar heating device, and through illuminating of the sludge pool and heating of the hot water pipes, drying of sludge is accelerated, and meanwhile when the dried sludge needsto be transported out after drying, the whole sludge pool can be lifted out of the ground by the lifting device; then the sludge is cut into multiple pieces by the cutter, so that the sludge pieces are moved to a sludge cart through a forklift conveniently, and the sludge at different positions can be cut through the cutter moving along the guide rail."
67242951,3,0.003885,0,0,NOT_NOML,"Automatic alarm device used in tall formwork system, and working method thereof","The invention discloses an automatic alarm device used in a tall formwork system, and a working method thereof. The key point of the technical scheme is as follows: a BGK-4000 strain gauge has a length of about 165 mm, mounting blocks are arranged on the two ends of the BGK-4000 strain gauge and are fixed on a steel pipe by screws, each mounting block comprises a sensor, two thermistors are arranged at the middle end of the strain gauge, the sensors on the two ends reflect the strain change conditions on the steel pipe to the thermistors through steel dazzle, then the thermistors are connected with an information collector through communication cables, the information collector converts a resistance change value into a corresponding strain value by calculation, and finally transmits the collected steel pipe strain value to the Internet cloud through a 4G base station to convert the strain value into a stress value, and the automatic alarm device disclosed by the invention has the advantages that monitoring points are arranged and a complete tall formwork automatic alarm system is established to completely meet the monitoring demands of a tall formwork supporting system."
24865147,3,0.00375,0,0,NOT_NOML,REINFORCED DOOR FRAME,"A door frame made up of two jamb sections and a head section connected together to fit into a rough door opening. The sections are made up of an elongated, generally channel-shaped member, generally z-shaped member having a first wall disposed parallel to the legs of the channel. Surfaces of the z-shaped member are supported in spaced, parallel relation to the surfaces of the channel member, providing spaces to receive wall material therebetween."
79232983,3,0.003721,0,0,NOT_NOML,Device for carrying out moisture-proof treatment for packaging paper preparation,"The invention relates to the technical field of packaging paper preparation, and discloses a device for carrying out moisture-proof treatment for packaging paper preparation. The device comprises a lower conveying structure and an upper conveying structure; the lower conveying structure comprises two supporting plates I, the two ends of the bottom of each supporting plate I are connected with one ends of electric telescopic rod, the other ends of the electric telescopic rods are connected with the top of a supporting column, and the bottom of the supporting column is connected with the ground; and the upper conveying structure comprises two supporting plates II, the supporting plates I are located above the supporting plates II, and the two supporting plates II are connected with the ground through fixing rods. According to the device for carrying out the moisture-proof treatment for the packaging paper preparation, through arrangement of electric telescopic rods I, the heights of the supporting plates I can be changed through stretching and retracting of the electric telescopic rods I, the distance between the supporting plates I and the supporting plates II can be changed, packaging paper of different thicknesses can be conveyed through the device, and the packaging paper of different thicknesses can be conveniently covered with films; and the practicability of the device is improved."
62479486,3,0.003693,0,0,NOT_NOML,Novel constant velocity cardan joint assembly,"The utility model discloses a novel constant velocity cardan joint assembly, aims at providing a body building device which has the advantages of simple structure, fix constant velocity cardan joint assembly effectual and that the practicality is strong to the balancing piece, its technical scheme main points are equipped with fixed subassembly between balancing piece and the connecting axle, fixed subassembly is including setting up the adapter sleeve on the balancing piece, set up in the clamp of connecting epaxial connection annular and being used for connecting the adapter sleeve and connecting the annular, be equipped with a plurality of spacing rings on the adapter sleeve, be equipped with the spacing groove with spacing ring looks adaptation on the connection annular, the utility model is suitable for an auto -parts technical field."
49273703,3,0.003664,0,0,NOT_NOML,NETWORK RELAY DEVICE AND PACKET TRANSFER CONTROL METHOD,"PROBLEM TO BE SOLVED: To provide a network relay device with a shared buffer system which can suppress degradation of throughput at the time of congestion detection, and a packet transfer control method.SOLUTION: A network relay device includes: a congestion notification section 3 for determining a mark rate to add congestion detection information using a marking curve in which the mark rate is set to be 0% when a buffer quantity of a port or a queue which has detected the congestion is equal to or less than mark starting quantity, the mark rate is set to be 100% when the buffer quantity is equal to or more than the maximum mark quantity, and the mark rate is set so as to increase, in proportion to the buffer quantity, from 0% of the mark rate to the maximum mark rate when the buffer quantity is more than the mark starting quantity and less than the maximum buffer quantity; and a mark rate adjustment section 4 for changing one or more of the mark starting quantity, the maximum mark quantity, and the maximum mark rate in response to the amount of change of the maximum buffer amount when the maximum buffer amount which can be used for each port or queue is changed."
66974789,3,0.003622,0,0,NOT_NOML,DRYING PREDICTION SYSTEM AND DRYING PREDICTION PROGRAM,"To predict drying time no matter what type an object to be dried is, as there is no need for classification regarding a material of the object to be dried.SOLUTION: A drying prediction system includes: a moisture sensor 10 for measuring moisture content data of an object to be dried; first detection means 27-1 for detecting whether or not the moisture content data acquired during measurement has exceeded a drying completion moisture threshold value; second detection means 27-2 for detecting a change amount of the moisture content data which is acquired during measurement from moisture content data for comparison before the measurement; drying time prediction means 28 for predicting the drying time based on the detection result by the first detection means 27-1 and the detection result by the second detection means 27-2; and prediction time output control means 29 for outputting the prediction time by the drying time prediction means 28.SELECTED DRAWING: Figure 1"
88807195,3,0.003469,0,0,NOT_NOML,Method for rapidly detecting type and content of flocculating agent in machine-made sand,"The invention discloses a method for rapidly detecting the type and content of a flocculating agent in machine-made sand, and belongs to the technical field of machine-made sand detection. The method for rapidly detecting the type and content of the flocculating agent in the machine-made sand comprises the following steps: mixing and stirring the machine-made sand and water, standing, and observing whether supernatant is clear or not; if the machine-made sand is clarified, the machine-made sand contains the flocculating agent, and if the machine-made sand is not clarified, the machine-made sand does not contain the flocculating agent; after the flocculant is detected by the method, the type detection and the content detection are carried out. According to the method, whether the machine-made sand contains the flocculant or not can be rapidly and conveniently detected, the whole detection process can be completed only on the construction site, and the type and content of the flocculant can be distinguished, so that whether the detected machine-made sand is suitable for preparing concrete or not is judged in advance."
8330125,3,0.003443,0,0,NOT_NOML,"Combined assembly of tiles and fixing element. (Machine-translation by Google Translate, not legally binding)","Combined tile and fastening element assembly, characterized in that each tile has a shape such that it has a peripheral groove of conical cross section, said fastening elements having a substantially cruciform transverse shape; the horizontal ribs of which are inclined to adapt under pressure in the opposite grooves of the adjacent tiles and which have a depth equal to the thickness of the tiles and in which at least some of the fixing elements are nailed to some boards; slats or to a lower floor by means of a plurality of nails passing through them downwards forming a certain angle with the vertical; each tile being, except for the tiles located on the edge of the floor, coupled around its entire periphery with fastening elements in order to join the adjacent tiles. (Machine-translation by Google Translate, not legally binding)"
70956161,3,0.003416,0,0,NOT_NOML,Wave light spring device,"The utility model relates to a wave light spring device. Wherein the support slides and lifts along the supporting carrier, the tank body is hinged to the support, the opening is formed in the upper portion of the tank body, the nozzle is communicated with the opening, the colored lamp is arranged in the tank body, the water inlet is formed in the lower portion of the tank body, and the water pumpis communicated with the water inlet. The supporting carrier is provided with a sliding rail for the support to slide and preventing the support from being disengaged. A limiting assembly for limiting movement of the supporting carrier in a damping mode is arranged between the supporting carrier and the support, the problem that under the condition that the heights of the liquid levels of pools are different, the nozzle of the wave light spring is still kept exposed out of the water surface is solved, and the advantage of keeping the original spraying height is achieved."
46488277,3,0.003338,0,0,NOT_NOML,Vehicle collision safety warning recording device,"The utility model discloses a vehicle collision safety warning recording device, which comprises an image processing chip, a singlechip, an image sensor arranged on the front part of an automobile, a vehicle speed sensor arranged on a middle axle of the automobile, a memory, a buzzer and a light-emitting diode, wherein the image sensor is connected with the image processing chip through an image decoding chip; the memory is connected with the image processing chip; and the image processing chip, the vehicle speed sensor, the buzzer and the light-emitting diode are connected with the singlechip respectively. By the device, a longitudinal distance between a vehicle ahead and a vehicle with the device can be accurately detected, whether the vehicle with the device is to collide with the vehicle ahead or not is judged according to the running status of the vehicle, and if the vehicle with the device is to collide with the vehicle ahead, sound and light alarming is started, and corresponding image information is stored at the same time; and moreover, the device is low in cost, simple in structure and convenient to mount."
10798810,4,0.0979,0,0,NOT_NOML,-i(M)-ARY FSK RECEIVER,"An M-ary FSK receiver in which a frequency down-converted signal is treated as an M-ary DPSK signal with symbol repetition coding. The output of a frequency demodulator (20) is integrated (22) over an optimally chosen time interval which is a fraction of the symbol interval to obtain N phase change estimates per symbol. These N sub-symbols are manipulated (24, 26) to obtain corresponding soft decisions which are then summed (32, 34) over a symbol period (or a substantial fraction thereof) to provide an overall soft decision for each bit comprising an M-ary symbol. These outputs may be used directly as soft decisions for forward error correction or applied to a threshold circuit to obtain hard decisions."
46880745,4,0.0896,0,0,NOT_NOML,METHOD OF CHARACTERIZING TOUCH ON A TACTILE SCREEN,"Method of characterizing touch on a surface of a tactile sensor comprising the following steps of: updating at least one first characteristic value of a current zone of the surface of the tactile sensor to be characterized, said first characteristic value being associated with a type of touch on the surface of the tactile sensor, and determination of a state of characterization of said current zone to be characterized, as a function of said at least one first characteristic value updated, by a set of characteristic values associated with types of touch on the surface of the tactile sensor."
59061761,4,0.079895,0,0,NOT_NOML,NOISE REDUCTION IN DIGITIZING SYSTEMS,"Disclosed are systems and methods related to a noise reduction device employing an analog filter and a corresponding inverse digital filter. The combination and placement of the filters within the systems aids in reducing noise introduced by processing the signal. In some embodiments, the combination of filters may also provide for increased flexibility when de-embedding device under test (DUT) link attenuation at higher frequencies. Further, the filters are adjustable, via a controller, to obtain an increased signal to noise ratio (SNR) relative to a signal channel lacking the combination of filters. Additional embodiments may be disclosed and/or claimed herein."
46199048,4,0.067078,0,0,NOT_NOML,Liquid crystal display with reduced parasitic capacitance variation,"A liquid crystal display capable of operating with little parasitic capacitance variation is presented. The display includes a substrate, a gate line disposed on the substrate, a storage electrode line disposed on the substrate and having a main portion that extends parallel with the gate line, a data line crossing the gate line and the storage electrode line and including a source electrode, a drain electrode facing the source electrode; and a pixel electrode connected to the drain electrode, wherein the storage electrode line includes a plurality of storage electrodes extending from the main portion in the same direction as the data line, and the storage electrodes overlap different regions of the data line."
36615645,4,0.060852,0,0,NOT_NOML,SYSTEM FOR DISINFECTING MEDICAL INSTRUMENTS,"The invention concerns a system for disinfecting medical instruments (4), comprising at least one first chamber (2) including means forming a hatch for access (3) inside same to place therein at least one medical instrument (4) to be disinfected, under the action of a disinfecting radiation during a disinfecting cycle. The invention is characterized in that it comprises means (5) for creating a vacuum in this first chamber (2), means (6) for introducing in this first chamber (2) a gas generating, via electrical excitation, the disinfecting radiation, connected to a gas source (7), and electrode-forming means (9, 10) connected to an electric power source (11) to excite the gas and generate the disinfecting radiation."
53900109,4,0.049316,0,0,NOT_NOML,REHABILITATION SUPPORT SYSTEM,PROBLEM TO BE SOLVED: To provide a rehabilitation support system capable of improving operational efficiency of rehabilitation.SOLUTION: A rehabilitation support system capable of improving operational efficiency of rehabilitation while securing safety of a patient can be achieved by providing a comment creation function with a management terminal 300 separate from a center terminal 100 for monitoring biological information of a patient performing rehabilitation to inform the management terminal 300 from the center terminal 100 of the patient performing rehabilitation.
48756017,4,0.042877,0,0,NOT_NOML,Linear motor for pump,"The invention relates to a linear motor for a pump. The linear motor adopts a moving-iron type symmetrical structure, and two groups of coils serve as stators and are symmetrically distributed on two sides of a permanent magnet active cell. The stator coils of the motor is connected to a three-phase alternating current power supply and produces a specific traveling wave magnetic field, the active cell produces axial pushing force relative to the stators under the effect of the traveling wave magnetic field, the direction of pushing forced produced by two stators and the active cell are consistent under the effect of the traveling wave magnetic field, and the active cell directly acts energy on a plunger rod to enable the plunger rod to perform reciprocating motion along a guide rail. The linear motor for the pump achieves output of large pushing force, improves the effective pushing force and work efficiency and is suitable for driving of a plunger pump with high and medium voltage and large flow."
92989665,4,0.042877,0,0,NOT_NOML,"Vehicle control method, device and program product","The embodiment of the invention provides a vehicle control method and device and a program product, and is applied to a control device, and the method comprises the steps: obtaining target communication quality data with a vehicle in response to a vehicle control instruction; wherein the target communication quality data is used for representing the signal strength of a short-range channel and is used for representing the communication efficiency between the short-range channel and a remote channel; determining a target channel from the short-range channel and the remote channel according to the target communication quality data; and sending the vehicle control instruction to the vehicle through the target channel. Through the reference signal intensity, the situation that the signal is unstable due to the fact that the short-range channel is located in a connection critical area when being just connected is avoided. By referring to the communication efficiency of the two channels, the situation that near-field communication is unstable and the communication efficiency is low due to the fact that multiple devices exist nearby the vehicle or channel interference exists is avoided. Therefore, the vehicle control success rate is improved, and the user experience is optimized."
38860918,4,0.037384,0,0,NOT_NOML,Low-noise amplifiers,"A low-noise amplifier, that utilizes multiple monolithic transformer magnetic feedback to simultaneously neutralize the gate-drain overlap capacitance of the amplifying transistor and achieve high gain at high frequencies when driving an on-chip capacitance, is shown. The multiple transformer topology permits negative and positive feedback to be applied constructively, allowing for a stable design with adequate gain and large reverse isolation without Noise Figure degradation."
94130683,4,0.035339,0,0,NOT_NOML,Electric arc prevention socket,"The utility model discloses an arc protection socket, which comprises a main body, the inner wall of the main body is provided with a sliding cavity, the inner wall of the sliding cavity is slidably connected with a front shell, the inner wall of the main body is provided with a circuit metal sheet, and the front surface of the front shell is provided with jacks. According to the electric arc prevention socket, through the arrangement of the main body, the sliding cavity, the front shell, the circuit metal sheet, the jack, the fixed shell and the screw rod, when the electric arc prevention socket is used, the screw rod can perform threaded motion with a fixed block of the front shell when rotating, so that the front shell can slide back and forth in the sliding cavity of the main body, and the distance from the jack to the circuit metal sheet is adjusted; therefore, the purpose that the metal sheet of the plug can be contacted with the circuit metal sheet after being completely inserted into the jack is achieved, the electric shock phenomenon caused by the fact that a child touches the metal sheet of the plug with fingers and the plug is contacted with the circuit metal sheet when the metal sheet of the plug is inserted into the jack is prevented, and the safety performance of using the socket is improved."
82654604,4,0.03476,0,0,NOT_NOML,THREE-DIMENSIONAL DISPLAY DEVICE,"A three-dimensional display device comprising a display panel, an optical element, a detecting device, and a controller which, on the basis of the detected position of one of a first eye and a second eye, controls the display panel so that a first image and a second image are displayed in a combined manner. The controller is configured to perform: a first shifting process for shifting an active area outward such that the amount of shift increases by one sub-pixel at a time; a second shifting process in which, when one eye is shifted by one sub-pixel, a boundary of the first shifting process is shifted by one sub-pixel at a time; and a third shifting process in which the sub-pixels for a second period are shifted by one sub-pixel, and the boundary is shifted by the number of sub-pixels for a first period."
95087767,4,0.030731,0,0,NOT_NOML,Hierarchical data storage method based on data format analysis,"The invention relates to the technical field of data storage, and discloses a hierarchical data storage method based on data format analysis, which comprises the following steps of: a, automatically identifying and analyzing the format of input data, classifying different types of original data by adopting a dynamic format identification algorithm, and automatically selecting a proper storage mode according to data format characteristics; b, converting the analyzed data into a unified standardized format, standardizing the data format by adopting a self-adaptive conversion module, and performing feature extraction on the data, including but not limited to improving the storage efficiency of the data through data segmentation, compression, aggregation and the like; and c, based on the data access frequency, the data type and the timeliness. By analyzing and standardizing data in different formats, heterogeneous data is unified into a standard format to be stored. In this way, on one hand, chaos on a storage structure is avoided, and on the other hand, the data can be more efficiently indexed and managed."
15282948,4,0.030441,0,0,NOT_NOML,SEMICONDUCTOR DEVICE,"PURPOSE:To provide a semiconductor device which can surely prevent the defect due to short circuit between a semiconductor element and leads. CONSTITUTION:On one main surface of a carrier tape 1 composed of insulative resin or the like, a plurality of wiring leads 2 are arranged regularly on straight lines in the width direction of the carrier tape 1, in the manner in which the leads 2 face the longitudinal direction of the carrier tape 1 and the tip parts are alternately adjacent to each other. In the carrier tape 1, slits 6 and aperture parts 6a for connection are formed, in the manner in which the tape 1 is selectively left as a frame type insulating film 5 which surrounds the tip parts of the wiring leads 2 to be connected with electrode bumps 4 formed in the central part of a semiconductor pellet 3. The insulating tape 5 prevents the short circuit between the semiconductor pellet 3 and a plurality of the wiring leads 2, and the slits 6 acts so as to sufficiently spread fluid resin around the semiconductor pellet 3 in a resin sealing process."
18516160,4,0.02948,0,0,NOT_NOML,INPUT TERMINAL CIRCUIT,"PURPOSE:To enlarge a voltage between a base and an emitter, to simplify an input circuit and to enlarge the dynamic range of an input signal by using a heterojunction bipolar transistor as a transistor. CONSTITUTION:The heterojunction bipolar transistor is used as a device applied to the circuit. A terminal resistance RT1 is added between the base/collector of an input transistor T1, and a capacity C1 cutting a direct current to the base part of the input transistor T1. Since the voltage between the base/emitter of the heterojunction bipar transistor becomes larger compared to a silicon bipolar transistor, the dynamic range of the input signal can be enlarged. Furthermore, the elements of the input circuit, which largely influence the feature of a logic circuit or that of an amplifier, can be suppressed to a minimum since the dynamic range of the input signal can be enlarged, and the dispersion of circuit performance owing to the dispersion of the elements can be suppressed."
29767045,4,0.029373,0,0,NOT_NOML,POWER SUPPLY NOISE DETECTION CIRCUIT,"<P>PROBLEM TO BE SOLVED: To provide a power supply noise detection circuit capable of detecting even noise superimposed on a power supply line. <P>SOLUTION: The noise level attenuation effect by an RC filter comprising a resistor 2 and a capacitor 3 connected to a VDD terminal 1<SB>3</SB>of an inverter 1 decreases a potential drop at the VDD terminal 1<SB>3</SB>when noise is superimposed on the power supply line than that at a VDD line 4. This permits reduction in a circuit threshold of the inverter 1 and detection of the noise by means of an inverted output of the inverter 1 due to potential drop caused by the noise superimposed on the VDD line 4 connected to an input terminal 1<SB>5</SB>. An RS latch 7 whose initial state level depends on a reset signal given to an input terminal 8 receives the result of noise detection by the inverter 1 via an inverter 6 to invert its status level and latch the result of noise detection and outputs the result of latch to an output terminal 10 via an inverter 9. <P>COPYRIGHT: (C)2004,JPO"
9379965,4,0.028107,0,0,NOT_NOML,Drum brake device particularly for a motor vehicle,"The invention relates to a drum brake device for a motor vehicle. This device comprises at least one pair consisting of a shoe 1 and a lining 2, carried on a casing-plate 3 of an axle and capable of being moved at least mechanically by an actuating lever 6, a hooking part 7 of the actuating lever being connected to a stop fitting 8 of a sheathed pull cable 9 operated by a control system, the pull cable 9 penetrating into a housing 22 formed between the casing-plate 3 and the shoe-lining pair by means of an inlet orifice 21, whereas an elastic return element 12 is interposed between the actuating lever and a fixed part of the device, characterised in that it includes a system for guiding the stop fitting 8 and the pull cable 9 inside the housing 22, this guide system being capable, when the cable is mounted, of routing the fitting 8, from its insertion into the inlet orifice, until it is permanently stably engaged on the hooking part 7. This braking device applies to a motor vehicle of any type. <IMAGE>"
85990634,4,0.025131,0,0,NOT_NOML,VISUAL AND RADAR PERCEPTION FUSION METHOD AND TERMINAL DEVICE,"A vision-radar perception fusion method and a terminal device are provided in the disclosure. The method includes: acquiring a vision target and a radar target in front of a vehicle at a current moment and a tracked target at a previous moment; matching the vision target, the radar target and the tracked target and determining a matching state of each target; determining a type of the each target according to the matching state, the type being a fusion target and a single radar target; and determining a score of each target by combining the matching state and the type of the target, and if the score is greater than or equal to a preset score threshold, a target corresponding to the score being a fusion target. In the method of this disclosure, in the vision-radar perception fusion, a stable and reliable single radar target is output as the fusion target according to information such as an operating state of the vehicle and the dangerous area, which solves problems of flash alarm and false alarm for a single radar, greatly reduces a false detection rate and missing detection rate of the fusion target, and improves precision and stability of target perception; and the method has expansibility."
17817668,4,0.023239,0,0,NOT_NOML,FOCUSED ENERGY BEAM PROCESSING DEVICE AND PROCESSING METHOD,"PURPOSE:To perform the processing with high position precision and depth precision by providing an optical component provided at the center with a hole physically allowing a focused energy beam to pass through it on the optical axis of the focused energy beam. CONSTITUTION:A radiating system of the focused light and a detecting system of the reflected light and the interference light are provided so that at least part of the optical axis coincides with the optical axis of the focused energy beam. A reflecting mirror 22 provided with a hole at the center is installed on the optical axis of the ion beam below a deflector electrode 8, the ion beam passes through the center hole and is radiated to a sample 10. On the other hand, the light from an observation lighting lamp 33 passes through half mirrors 24 and 19 and a window 20 and enters a vacuum chamber 14 and is collected by an objective lens 21 and is radiated on a sample 10 by a reflecting mirror 22. The reflected light from the sample reversely passes through the same path and is image-formed by a camera 25, the optical microscope image thus obtained is sent to a main controller 30 and displayed on a monitor 32. The processing with high position precision and depth precision can be thereby performed."
84007532,4,0.021866,0,0,NOT_NOML,Community electric vehicle charging pile system and charging method,"The invention discloses a community electric vehicle charging pile system and a charging method. The community electric vehicle charging pile system comprises a main control cabinet, a charging connector and a mobile charger. Wherein the number of the charging connectors is multiple, the charging connectors are distributed on all parking spaces, and the charging connectors are electrically connected with the main control cabinet through cables; the two ends of the mobile charger are connected with a connecting joint and a charging joint through cables respectively, the connecting joint is used for being matched with the charging connector in an inserted mode, and the charging joint is used for being matched with a vehicle charging interface in an inserted mode. According to the invention, the problems of low use efficiency and low economic benefit of a fixed charging pile on a public parking space in the prior art are solved."
89384135,4,0.020172,0,0,NOT_NOML,Methods and systems for accepting data from users by disaggregation of users identity,"The present invention relates to methods and systems for accepting data from users by disaggregation of user's identity. The method performed by a server system includes receiving a request from a user device of a user for registering to a private non-interactive platform. The method includes generating a unique identifier for the user. The unique identifier provides access to the user to login to the private non-interactive platform and at least one research service rendered in the private non-interactive platform. Further, the method includes transmitting the unique identifier and a unique link appended with a research topic to the user device. The method includes validating user information related to the research topic based on validation rules. The method includes facilitating anonymous aggregation of the deidentified user information related to the research topic with other users' submitted information associated with the research topic."
68975500,4,0.018402,0,0,NOT_NOML,Access method of multiple transmission systems in space-based communication network,"The invention discloses an access method of multiple transmission systems in a space-based communication network, and belongs to the technical field of satellite communication. The method and the device are used for solving the access problem when multiple receiving transmission systems and multiple sending transmission systems exist in the satellite beam at the same time. Therefore, each wave beam on the satellite is interconnected with modulation and demodulation equipment through a branching combiner or/and an intermediate frequency matrix. And the modulation and demodulation equipment aregrouped according to a transmission system. And each group of modulation and demodulation equipment is interconnected with the service adaptation equipment through the switching equipment and is connected with the backbone network switching equipment through service adaptation. Through a three-level switching mode of beam-modem-intra-system switching-backbone network switching, terminal access ofa multi-transmission system and flexible scheduling of modulation and demodulation resources are realized."
53401484,4,0.018372,0,0,NOT_NOML,"Image processing device, image correcting method and program","An image processing device includes: an image correcting unit configured to correct a size of an image by inserting or deleting a predetermined number of pixels into and from the image based on size changing information of the image in which a plurality of pixel data is arranged, wherein the image correcting unit includes: a reading unit configured to read at least any one of attribute data and the pixel data; a characteristic determining unit configured to determine a characteristic of the pixel of interest in the image; a deforming process selecting unit configured to select a type of a deforming process related to determination of a position and determination of a pixel value of a pixel; and a correction executing unit configured to execute the deforming process selected by the deforming process selecting unit."
71123102,4,0.017715,0,0,NOT_NOML,Semiconductor structure and method for forming same,"A semiconductor structure and a method for forming same, the forming method including: providing a base, where a dummy gate structure is formed on the base, an interlayer dielectric layer is formed on the base the dummy gate structure exposes, and the interlayer dielectric layer exposes the top of the dummy gate structure; forming an isolation structure in the interlayer dielectric layer between adjacent dummy gate structures, where the isolation structure further extends into the base; after forming the isolation structure, removing the dummy gate structure and forming a gate opening in the interlayer dielectric layer; filling a gate electrode material into the gate opening, where the gate electrode material further covers the top of the interlayer dielectric layer; and performing at least one polishing treatment to remove the gate electrode material above the top of the interlayer dielectric layer and retaining the gate electrode material in the gate opening as a gate electrode layer, where the step of the polishing treatment includes: performing first polishing treatment using a metal polishing liquid; and performing second polishing treatment using deionized water. With the second polishing performance, the probability of forming a residue of the gate electrode material on the top surface of the interlayer dielectric layer is reduced, thereby improving device performance."
5795310,4,0.01738,0,0,NOT_NOML,Cns-active acylamidopyrrolidinediones - from n-acylglycine esters via diacylamido-acetoacetic esters by thermic cyclisation,"Cpds. of formula (I) (where X is H or CO-CR3R4R5) or of formula (II): (where R1 and R2 (same or not) = H, alkyl, cycloalkyl, aralkyl or aryl, or CR1R2 forms a cycloaliphatic 3-7 ring or a cycloaliphatic ring fused to an aromatic ring; R5 is H if R3 and R4 = R1, R2; or R3, R4, R5 (same or not) = H, alkyl, aralkyl, aryl or a single or fused cycloaliphatic ring; R = 1-4C aliphatic residue). They act on the CNS and vegetative systems and are also analgesics, antipyretics and antiphlogistics. Pref. from N-acylglycine esters via (II) by thermic cyclisation."
22648296,4,0.016525,0,1,NOT_ML,Apparatus and method for motion detection and tracking of objects in a region for collision avoidance utilizing a real-time adaptive probabilistic neural network,Apparatus for motion detection and tracking of objects in a region for collision avoidance includes a signal transmitter which provides first and second detection signals for at least partial reflection by an object located in a spatial region. The apparatus further includes a signal receiver for receiving the deflected first and second detection signals corresponding to first and second object parameter data signals. The apparatus further includes a Fourier transform circuit for receiving the first and second object parameter data signals and providing first and second Fourier transform object parameter data signals. The apparatus further includes a probabilistic neural network for receiving and sorting the first and second Fourier transform object parameter data signals without the use of a priori training data.
69885477,4,0.015602,0,0,NOT_NOML,Quantitative trait loci (QTL) associated with shatter resistant capsules in sesame and uses thereof,"The invention relates to sesame genetics and breeding. Specifically, the invention relates to genetic improvement for shatter resistant capsules. More specifically, the invention relates to novel quantitative trait loci (QTL) conferring shatter resistant capsules, and methods thereof, including methods for introgressing the novel QTL into elite germplasm in a breeding program for shatter resistant capsules."
76248651,4,0.015602,0,0,NOT_NOML,Flight helmet with goggles capable of being quickly disassembled and assembled,"The utility model provides a flying helmet with goggles capable of being disassembled and assembled rapidly, which belongs to the technical field of goggles and comprises a helmet, a platform is arranged on the side face of the helmet, a fixing belt is fixedly connected to the surface of the platform, a rotating block is fixedly connected to the middle of the platform, and a rotating rod is arranged on the rotating block. According to the flying helmet with the goggles capable of being rapidly disassembled and assembled, through the arrangement of the positioning groove, the fixing block, the positioning hole, the positioning column, the tension spring and the adjusting hole, a user pulls up the positioning column, the legs of the goggles are inserted into the fixing block, the goggles can be rapidly disassembled and assembled, the goggles can be rapidly disassembled and assembled, and the goggles can be rapidly disassembled and assembled through the positioning groove, the fixing block, the positioning hole, the positioning column, the tension spring and the adjusting hole. After the adjusting holes and the positioning columns are aligned, the positioning columns are loosened, the positioning columns penetrate through the adjusting holes to return to the positioning grooves, the glasses legs are locked, the goggles are rapidly disassembled and assembled, different adjusting holes are selected to adjust the distance of the glasses frame, operation is easy, and use is convenient."
93635329,4,0.015602,0,0,NOT_NOML,Leakage scanning method and device for docking multiple scanners based on single-node forwarding service,"The invention relates to a scanning missing method and device for docking multiple scanners based on a single-node forwarding service, and the method comprises the steps: a private network forwarding server is docked with a plurality of scanning engines, and the private network forwarding server interacts with a conventional private network through a tunnel; the private network forwarding client actively performs tunnel registration on the selected scanning engine to the private network forwarding server, and obtains a tunnel ID corresponding to the selected scanning engine allocated by the platform; the platform issues a target scanning task to a specified scanning engine and the associated tunnel ID; and completing vulnerability scanning detection of the target host of the traditional private network according to the target scanning task. The application can avoid opening multiple exposed surface IPs, reduce the exposed surface risk, reduce the maintenance cost, and improve the user experience."
58015393,4,0.014618,0,0,NOT_NOML,Data transmission method and device,"The application discloses a data transmission method and device. The method comprises: according to a first direction of an antenna beam transmitted by a transmitting terminal, a channel transmission parameter of a data transmission channel between the transmitting terminal and a receiving terminal in a first direction is obtained; when the channel transmission parameter in the first direction is larger than a first threshold value, a direction of an antenna beam transmitted by the transmitting terminal is adjusted to be a second direction, thereby reducing the interference intensity generated by data transmission in the data transmission channel by an interference source. The first threshold value is a minimum value of the channel transmission parameter needed by the data transmission channel. Therefore, a technical problem that the network delay is large under the circumstance that the interference intensity of the interference source is high when data are transmitted wirelessly at an authorization-free frequency band in the prior art can be solved."
63155425,4,0.014389,0,0,NOT_NOML,Image compression method,"The invention relates to an image compression method. According to the method, a first block, a second block and a third block are respectively used as compression units of a brightness component, a first chrominance component and a second chrominance component of an image; compression coding calculation is performed on the brightness component of the first block, the first chrominance component of the second block and the second chrominance component of the third block according to prediction results of multiple candidate prediction modes, so as to obtain an aggregated pre-compressed data size of the first block, the second block and the third block corresponding to the candidate prediction modes to determine a predicted mode; if the pre-compressed data size of the predicted mode is greater than or equal to an aggregated original data size of the first block, the second block and the third block, the components of the first block, the second block and the third block are not compressed; and if the pre-compressed data size is less than the original data size, semi-fixed length coding is performed on components of the first block, the second block and the third block in the predicted mode."
86262277,4,0.013687,0,0,NOT_NOML,POWER AMPLIFIER CIRCUIT,"The invention discloses a power amplification circuit. The power amplification circuit comprises an input port, an output port, a first switch module, a second switch module and at least two power amplification links, the first end of the power amplification link is electrically connected with the first switch module, the second end of the power amplification link is electrically connected with the second switch module, the first switch module is used for conducting the corresponding power amplification link with the input port, and the second switch module is used for conducting the corresponding power amplification link with the output port. The second switch module is used for conducting the corresponding power amplification link with the corresponding output port; the power amplification link comprises an adjustable attenuator, a first temperature compensation attenuator, a first amplifier, a second temperature compensation attenuator, a second amplifier and a third amplifier which are sequentially cascaded between the first end of the power amplification link and the second end of the power amplification link. The power stability of the power amplification circuit can be improved."
82158914,4,0.013374,0,0,NOT_NOML,"DRIVE DEVICE, DRIVE METHOD, AND PROGRAM","A device (20), which is a drive device, is provided with a drive unit (W), a control unit (24) which acquires an application including a plurality of blocks and controls the drive unit (W) in accordance with the plurality of blocks by executing the application, a first sensor (25a), and a second sensor (25b), wherein: each of the plurality of blocks has a parameter and a termination condition; and if a second drive status detected by the second sensor (25b) satisfies a parameter change condition when a first drive status detected by the first sensor (25a) while a first block is being executed satisfies the termination condition of the first block, the control unit (24) changes the parameter of a second block to be executed after the first block, and controls the drive unit (W) in accordance with the second block having the changed parameter."
37985569,4,0.01297,0,0,NOT_NOML,Fluid Examination Chip and Method of Manufacturing the Fluid Examination Chip,There is provided a a fluid examination chip includes a channel through which a fluid flows in at least one of a surface and an interior thereof. The channel includes a capture area where a predetermined substance contained in the fluid is caught. Arithmetic average roughness on a surface in at least the part of the capture area of the channel is larger than that on a surface in the other area of the channel.
67511896,4,0.01297,0,0,NOT_NOML,LIGHT EMITTING DEVICE PACKAGE,"The present invention relates to a light emitting device package. More specifically, the present invention relates to a light emitting device package capable of faithfully implementing the blackbody locus (BBL). To this end, the light emitting device package according to an embodiment of the present invention includes a first light emitting part for emitting white light having a color temperature of 1750 to 2400K; a second light emitting part for emitting white light having a color temperature of 2400 to 4000K; a third light emitting part for emitting white light having a color temperature of 4000 to 7000K; and a fourth light emitting part for emitting white light having a color temperature of 7000 to 18000 K. The first to fourth light emitting parts can be driven independently, and at least one light emitting part can be driven."
89015209,4,0.012871,0,0,NOT_NOML,Charging pile mounting base,"The utility model relates to a charging pile mounting base, and relates to the technical field of mechanical and electrical installation, the charging pile mounting base comprises a base body, the top of the base body is provided with a groove, and a charging pile is clamped and matched with the groove; a locking assembly used for locking the charging pile in the groove is arranged between the base body and the charging pile, the locking assembly comprises a sliding groove formed in the base body, a locking rod arranged in the sliding groove in a sliding mode and a locking groove formed in the side wall of the charging pile, and the sliding groove penetrates through the groove; the locking rod is matched with the locking groove in an inserted mode, and an elastic piece used for driving the locking rod to be inserted into the locking groove is arranged in the sliding groove. The mounting base and the charging pile are of a detachable structure, so that the charging pile is convenient to replace, and time and labor are saved."
90726452,4,0.0121,0,0,NOT_NOML,Electronic device,"The utility model relates to an electronic device which comprises a battery containing unit and an energy storage unit. A battery containing space used for containing a battery is formed in the battery containing unit, and the battery containing space is communicated with the outside. The energy storage unit is connected with the battery containing unit and comprises an energy storage element used for charging the battery. According to the utility model, the storage space of the batteries is reduced, the batteries are prevented from being placed in disorder and easy to lose, the used batteries can be charged after being placed, and the problem of outdoor charging of the batteries is solved."
71385511,4,0.011963,0,0,NOT_NOML,Adjustable surgical instrument containing device,"The utility model discloses an adjustable surgical instrument containing device. The device comprises a bottom box, a long knife storage box and a short knife storage box, a long knife storage box isarranged at the top of the bottom box; storage boxes are arranged on the side walls of the two sides of the long knife storage box. A short knife storage box is arranged on the side wall of one side of the long knife storage box; scalpel after cleaning, a scalpel with a long scalpel body and a wide scalpel body is inserted into the wide scalpel insertion opening. A scalpel with a long scalpel bodyand a narrow scalpel body is inserted into the narrow scalpel insertion opening; a scalpel with a relatively short size is inserted into the short knife insertion opening; other surgical supplies areplaced in the two storage boxes; water dripping from the scalpels in the short scalpel storage box flows into the bottom box from the inclined face under the action of gravity, water in the long scalpel storage box is discharged into the bottom box from the leakage plate and then discharged from the water outlet, storage work of various types of scalpels is achieved, classification of the scalpels is achieved, and the scalpels are convenient to use during an operation."
88555527,4,0.011292,0,0,NOT_NOML,Testing device,"The utility model provides a testing device, a cable comprises an insulation wire core and a sheath which are sequentially arranged from inside to outside in an attached mode, the testing device is used for measuring friction force between the insulation wire core and the sheath, the testing device comprises a fixing frame, a traction assembly, a fixing assembly and a gravity part, the fixing frame comprises a fixing clamping plate, the fixing assembly is installed on the fixing clamping plate, and the gravity part is installed on the fixing clamping plate. The fixing assembly is used for fixing a cable in the vertical direction, one end of the traction assembly is used for being connected with an insulated wire core, the other end of the traction assembly is connected with the gravity part, and the gravity part is used for placing weights; a small section of a sheath is stripped from one end of the high-voltage cable to be detected, then a small section of an insulating layer on an insulating wire core is stripped, and a conductor is connected with a gravity part through a traction assembly; then the cable is fixed in the vertical direction through the fixing assembly, the moving distance is measured and recorded every day, and the relation between the static friction force and the weight of the cable is calculated according to the sliding amount of slight sliding of the insulated wire core measured in continuous five days and the weight of the weight."
52120508,4,0.011246,0,0,NOT_NOML,ION GENERATOR,"PROBLEM TO BE SOLVED: To provide an ion generator capable of amplifying and blowing the jet air sent from a compressor.SOLUTION: An ion generator 1 includes a discharge electrode 21 extending toward a blow-out opening 11, a counter electrode 23, and an air discharge opening 16 for supplying jet air, and it sends air ion which is generated by applying a high voltage between both electrodes 21, 23 through the blow-out opening 11. At the counter electrode 23, an arc-like notch part 32A is formed with the discharge electrode 21 as a center when viewed from the blow-out opening 11. The notch part 32A is arranged to provide a gap 25 with a part of the entire periphery of the discharge electrode 21, and the jet air is made to flow toward the gap 25."
67911387,4,0.011116,0,0,NOT_NOML,"Electronic device, electronic device operation method and non-instantaneous computer readable medium","The invention provides an electronic device, an electronic device operation method and a non-instantaneous computer readable medium. The electronic device operation method comprises the steps that a touch screen is started and at least one encryption layer is covered, the at least one encryption layer comprises area characteristics corresponding to a display desktop of the touch screen, the display desktop comprises a plurality of desktop areas, and the area characteristics decide the permission of an object in each desktop area after covering the at least one encryption layer. According to the electronic device and the operation method thereof, one or more encryption layers are covered to provide a display desktop, and then a user unlocks the specific encryption layer by himself or herself to make the specific encryption layer ineffective. Therefore, locking or permission setting can be carried out on different information contents or application programs, the elasticity and convenience are improved, and meanwhile, the safety is ensured. According to the invention, the orderly angle change among the plurality of tracks is used as a judgment basis for judging whether to unlock or not. Therefore, a user can intuitively unlock the electronic device at any angle."
63250578,4,0.010857,0,0,NOT_NOML,Red pepper cultivation methods and plastic,"The present invention relates to a cultivation method for chili peppers and to vinyl, which can cultivate the chili peppers by covering the vinyl with holes through which rainwater penetrates in plowed rows in a field without using agricultural chemicals, when cultivating chili peppers in the condition that vinyl is laid on the plowed rows in a field. In the cultivation method for chili peppers, which implants and cultivates the chili peppers by covering ridges with farming vinyl and making holes thereon, furrows are covered with the vinyl and the sides of the vinyl overlaps the side of the vinyl covering the ridges to be fixed by driving a fixing pin, and the vinyl covering the ridges have holes through which the rainwater permeates at regular intervals."
90918000,4,0.01049,0,0,NOT_NOML,"Battery panel body assembly, battery and electronic device","The utility model discloses a battery panel body assembly, a battery and an electronic device, the battery panel body assembly comprises a panel body, a sealing member and a sealant, the panel body is provided with a liquid injection hole, the panel body comprises a first surface and a second surface which are arranged oppositely, the liquid injection hole penetrates through the first surface and the second surface, and the sealing member comprises a top cover part and an extension part connected with the top cover part. The top cover part covers the first surface of the plate body and shields the liquid injection hole, the extending part at least partially penetrates through the liquid injection hole, and the sealant covers at least part of the outer surface of the top cover part and seals a gap between the extending part and the liquid injection hole. Thus, plugging is conducted through the sealing piece and the sealant, the thickness of the plate body can be effectively reduced on the premise that the plugging effect is guaranteed, and the sealing piece and the sealant cannot affect the plate body. Meanwhile, the method of the sealing element and the sealant has low requirements on the planeness of the plate body, so that the yield of the battery is improved, and the cost is reduced."
18831271,4,0.010368,0,0,NOT_NOML,CHOCOLATE,"PROBLEM TO BE SOLVED: To provide a chocolate to which a pattern that several kinds of chocolate raw materials having at least different color tones are visually and tastily harmonized in a desired extent is applied. SOLUTION: This chocolate to which a pattern is applied by several kinds of chocolate raw materials that are approximately simultaneously injected into a mold and have at least different colors, characterized in that the pattern is a pattern in which the chocolate raw materials are approximately alternately disposed in a prescribed region on all cross sections orthogonal to the injection direction by simultaneously injecting the several kinds of chocolate raw materials into injection regions preliminarily set in the mold, and that at least one part of the pattern in which the chocolate raw materials having the different colors are disposed in the adjacent states is integrally molded in a prescribed complicated degree in the injection direction by extruding the several kinds of chocolate raw materials from the same nozzle."
26006315,4,0.01017,0,0,NOT_NOML,METHOD AND DEVICE FOR DISPLAYING INFORMATION WITH RESPECT TO SELECTED IMAGE ELEMENTS OF IMAGES OF A VIDEO SEQUENCE,"The invention relates to a method for displaying information with respect to selected image elements. The aim of the invention is to simplify the interactive work via, for example, a frame. To this end, an image element is selected from the images of a video sequence with which an information is associated. The selection proceeds partially via an additional image element or signal element that is likewise presented on the display unit that displays the frame."
87826542,5,0.439209,0,0,NOT_NOML,"Dynamic electrocardiogram analysis tool recommendation method, device and equipment and storage medium","The invention relates to a dynamic electrocardiogram analysis tool recommendation method and device, equipment and a storage medium, and the method comprises the steps: analyzing historical data of a user analysis process, and extracting process feature information and an alternative function module set; the process feature information comprises an alternative workflow sequence; inputting user basic information, the process feature information and the alternative function module set into a preset tag classification model, and outputting user tag information; inputting the user tag information and the dynamic electrocardio preprocessing data into a preset function module sequence model, and outputting to obtain an alternative function module sequence; and recommending an electrocardio analysis main function module according to the alternative workflow sequence and the alternative function module sequence. The invention relates to a dynamic electrocardio analysis tool recommendation method, device and equipment and a storage medium, and aims at adjusting a functional module according to different users and dynamic electrocardio preprocessing data and recommending a proper dynamic electrocardio analysis tool so as to improve the analysis efficiency."
68548450,5,0.398438,0,0,NOT_NOML,Vascularized neutralizationossification active scaffold applied to repair of large-segment bone defects,"The invention discloses a vascularized neutralizationossification active scaffold applied to repair of large-segment bone defects. The vascularized neutralizationossification active scaffold includesa main body part, the main body part is concentrically provided with first channelsin the axis direction, the main body part is furtherprovided with second channelsin the axis direction, and the second channelsareevenly arrangedby takingthe axes of the first channels as the center in distribution modes; and the main body part is provided with third channelsin the radial direction, the third channelscommunicate with the first channels and the second channels, and nutrient solutions transported by the first channels and the second channelsare diffused in human tissues through the third channels.According to thevascularized neuralizationossificationactive scaffold applied tothe repair ofthe large-segment bone defects, the vascularized neutralizationossification active scaffold is applied tothe repair of the large-segment bone defects and heterotopicosteogenesis to treat the large-segment bone defects,the structure of the active scaffold is reasonable,the active scaffold is buried in muscles in a body,through the double-layer function of blood vessels and nerves, the effect of the heterotopic osteogenesis is promoted to treat and repair the large-segment bone defects."
47077343,5,0.383545,2,0,REL_NOML,METHOD FOR RELIEVING GLOSSOPLEGIA,"FIELD: medicine. ^ SUBSTANCE: invention concerns medicine, particularly maxillofacial surgery. A hypoglossus is separated, and an end-to-end nerve graft is anchored thereto. The nerve graft is presented by a sural nerve delivered through a pre-formed tunnel extending from a proglossis through a root of the tongue into a digastric triangle. ^ EFFECT: method enables improving the tongue functions with the minimally damaged donor area. ^ 1 ex"
20279977,5,0.310059,2,0,REL_NOML,METHOD AND APPARATUS FOR CEREBRAL TEMPERING,"The present invention relates to a system and a method for controlling the temperature of a selected brain hemisphere, to maintain a low temperature in the selected brain hemisphere. When used in conjunction with the treatment of stroke, the present invention comprises cooling the stroke-affected brain hemisphere during the time necessary to make a diagnosis and provide medication, and during the time necessary for the ischaemic part of the brain to recover. The present invention also provides for oxygenation of the blood before it is cooled and reintroduced into the patient."
64361310,5,0.29541,0,0,NOT_NOML,PROCESS FOR ENHANCING THE FLOTATION PROCESS OF NON-FERROUS METAL MINERALS,"The invention relates to a process for enhancing the flotation process of the non-ferrous metal minerals by treating the flotation pulp in a direct current electric field. According to the invention, the process consists in placing some specific working electrodes in the flotation cells, said electrodes being connected to a direct current source, ensuring an electrode variable supply voltage ranging between 3 and 30 V, so that the required current density be obtained on electrodes, thereby replacing the flotation reagents employed in the activation or the settling of minerals."
94464718,5,0.285645,0,0,NOT_NOML,Cable joint health state assessment method and system based on multi-dimensional data fusion,"The invention discloses a cable joint health state assessment method and system based on multi-dimensional data fusion, and relates to the technical field of cable state assessment, and the method comprises the steps: collecting cable joint operation parameters, unifying a time sequence, and forming a two-dimensional matrix; performing spectral analysis on the operation parameters, and calculating energy characteristics of each sub-band by applying multi-stage wavelet decomposition; and constructing a Bayesian network structure, and calculating probability distribution according to the energy characteristics of the sub-bands. According to the method, spectral analysis is carried out through Fourier transform, the effect of identifying main frequency components and noise characteristics in signals is achieved, the effect of extracting energy characteristics of the signals in different frequency ranges is achieved by decomposing a two-dimensional matrix into a plurality of sub-bands by applying multi-stage wavelet decomposition, and the method has the advantages of being simple in structure and convenient to operate. By constructing a Bayesian network structure and defining feature nodes and state nodes, the health state evaluation of the cable can be dynamically updated according to data collected in real time."
12739426,5,0.274658,0,0,NOT_NOML,STEREO DEMODULATOR,"PURPOSE:To obtain a stable operating characteristic by converting a stereo composite signal voltage into a current at a voltage current converting circuit and feeding the converted current as an operating current of a differential amplifier to decrease an operating voltage. CONSTITUTION:The differential amplifiers 2, 4 repeat alternately the conductive and nonconductive state based on a switching signal inputted to terminals 14, 16, demodulate a stereo signal from a stereo composite signal source 64 and left and right stereo signals are extracted individually from terminals 46, 52. In this case, a stereo composite signal voltage from the signal source 64 is converted into a current signal by the voltage current converting circuit 62 and attains the operating current of the differential amplifiers 2, 4 while the current is inverted by current inverting circuits 66, 68, 70, 72 and 74. That is, a different operating current is fed to the amplifiers 2, 4 in response to the signal from the signal source 64, the amplifiers 2, 4 are excited by a stereo composite signal to be modulated and the stereo signal is separated into the left and the right signal by a switching signal from terminals 14 and 16."
82261248,5,0.244019,0,0,NOT_NOML,Electrodeposition of high damping magnetic alloys,A method includes immersing a wafer in an electrolyte including a plurality of compounds having elements of a high damping magnetic alloy with very low impurity and small uniform grain size. The method also includes applying a pulsed current with a certain range of duty cycle and pulse length to the wafer when the wafer is immersed in an electrolyte. The wafer is removed from the electrolyte when a layer of the high damping magnetic alloy is formed on the wafer.
85961481,5,0.229248,0,0,NOT_NOML,"Broadband oscillation source identification method and device, electronic equipment and storage medium","The invention provides a broadband oscillation source identification method. The method comprises the following steps: acquiring broadband measurement data of a broadband oscillation alarm time period; calculating a steady-state fundamental component and an oscillation component of a voltage amplitude according to the broadband measurement data; calculating the ratio of the voltage amplitude oscillation component to the steady-state fundamental component at the corresponding moment to obtain a voltage amplitude ratio; and comparing the voltage amplitude ratios of different measuring points, and determining the broadband oscillation source according to the maximum value of the voltage amplitude ratios. The method is not affected by device measurement deviation and system parameter deviation, can accurately and reliably identify the broadband oscillation source, and is high in adaptability."
83066174,5,0.227173,0,0,NOT_NOML,High-voltage bushing digital evaluation method and system based on time-frequency domain feature fusion,"The invention provides a high-voltage bushing digital evaluation method and system based on time-frequency domain feature fusion, and belongs to the technical field of high-voltage bushing state monitoring. The system comprises a measurement interval section determination unit which determines a high-voltage bushing target measurement interval section which needs to be subjected to state evaluation; a measurement interval section sampling interval division unit determines a plurality of sampling intervals; the digital evaluation unit accesses at least one first sampling interval of the plurality of sampling intervals to the time domain evaluation subunit, and accesses at least one second sampling interval of the plurality of sampling intervals to the frequency domain evaluation subunit; and obtaining a digital evaluation result of the high-voltage bushing based on the first time domain evaluation result of the time domain evaluation subunit and the second frequency domain evaluation result of the frequency domain evaluation subunit. According to the method, the defect that state evaluation is carried out by singly adopting frequency domain or time domain characteristic data is avoided, and meanwhile, multi-parameter acquisition and determination of a sampling interval can be more reasonable."
75933828,5,0.211792,0,0,NOT_NOML,Antenna state detection circuit,"The invention discloses an antenna state detection circuit. The antenna state detection circuit comprises a power supply circuit module, a load circuit module and a main control module, wherein the power supply circuit module is used for providing stable voltage for the first end of the load circuit module; the second end of the load circuit module is connected with an antenna to be detected, and the third end of the load circuit module is connected with the ADC interface end of the main control module; the main control module is used for detecting the third end voltage of the load circuit module and determining the antenna state of the antenna to be detected according to the detected voltage; and under the condition that the antenna state of the to-be-detected antenna is changed, the load partial voltage of the load circuit module is changed. According to the antenna state detection circuit provided by the invention, the comprehensive detection of the antenna state is realized by utilizing the change of the load partial voltage of the load circuit module."
87321881,5,0.198364,0,0,NOT_NOML,"Method and device for measuring heart rate signal quality, electronic equipment and storage medium","The invention discloses a method and device for measuring heart rate signal quality, electronic equipment and a storage medium, and the method for measuring the heart rate signal quality comprises the following steps: obtaining original data of a plurality of pulse plethysmography (PPG) signals at a first set time and a heart rate value at a first moment when the plurality of first set time ends; performing short-time Fourier transform on the original data of the PPG signals at the first set time to obtain corresponding amplitude vectors and frequency vectors; determining first heart rate signal quality of each first moment and second heart rate signal quality of a second set time according to the amplitude vector and the frequency vector of each first set time and the heart rate value of each first moment; and calculating target heart rate signal quality according to the first heart rate signal quality and the second heart rate signal quality. Therefore, the method can comprehensively measure the quality of the heart rate signal, so that the method can be used for measuring the performance of a photoelectric signal hardware module and the quality of wearable equipment worn by a user."
49799850,5,0.19104,0,0,NOT_NOML,Magnetic coupling resonant mode wireless electric energy transmission device,"The embodiment of the invention discloses a magnetic coupling resonant mode wireless electric energy transmission device which comprises a high-frequency power amplification module, a resonance system, a rectifier module, a constant resistance type direct-current conversion module and a feedback controller. The resonance system is connected with the output end of the high-frequency power amplification module, the rectifier module is connected with the output end of the resonance system, the input end of the constant resistance type direct-current conversion module is connected with the output end of the rectifier module, the output end of the constant resistance type direct-current conversion module is connected with electric equipment, and the input impedance of the constant resistance type direct-current conversion module is in conjugate fit with the output impedance of the high-frequency power amplification module. The feedback controller is connected with the resonance system, and when the phase position of the acquired input voltage of the resonance system is different from the phase position of the acquired input current of the resonance system, the capacitance value of a resonant capacitor corresponding to a transmitting coil in the resonance system is adjusted until the phase position of the input voltage is identical to the phase position of the input current so that the maximum transmission efficiency of electric energy can be tracked on the premise of lowering the control difficulty of the feedback controller and simplifying the complexity of the programming of the feedback controller."
94473883,5,0.187378,0,0,NOT_NOML,"6P pulse wave excitation rectification method and system, electronic equipment and storage medium","The invention discloses a 6P pulse wave excitation rectification method and system, electronic equipment and a storage medium, and the method comprises the steps: obtaining different coefficients of the number of six pulse wave paths, adjusting the number of excitation rectifier bridges, and outputting the pulse wave number of an excitation regulator; different connection modes and winding configurations are adopted for the exciting transformer; the number and the arrangement sequence of the power cabinets and the position of the alternating current side wire inlet cabinet are optimally configured, and stable direct current voltage is output. Harmonic waves of the transformer can be reduced, loss of the transformer can be reduced, the problems that the exciting transformer is large in loss and harmonic waves are solved, the same effect is achieved by adopting the small exciting transformer design capacity, meanwhile, exciting voltage ripples can be reduced, and temperature rise of an exciting winding of a generator is reduced to a certain degree."
93475253,5,0.182739,0,1,NOT_ML,Sensor time sequence data anomaly detection method and device,"The invention discloses a sensor time series data anomaly detection method, which comprises the following steps of: S1, establishing an adjacent matrix for describing a relationship between sensor nodes according to the correlation of data acquired by each sensor; s2, training a variational auto-encoder based on original sample data collected by a sensor to obtain a reconstruction module; s3, training a graph neural network based on the reconstruction module and the original sample data to obtain a prediction module; and S4, performing joint anomaly scoring on the to-be-detected time series data based on the reconstruction module and the prediction module to obtain a joint score value, and performing anomaly judgment on the to-be-detected time series data based on the joint score value. The method has the technical effect of high detection precision."
73168144,5,0.177002,0,0,NOT_NOML,Electric flocculation reactor,"The utility model discloses an electric flocculation reactor which comprises a flocculation tank, an electric flocculation device is arranged in the flocculation tank, the electric flocculation devicecomprises a giant magnetostrictive driver and an integrated vibrating plate, a group of guide rods are arranged on the integrated vibrating plate, and electrode rods are fixedly arranged on the guiderods. A vibration output shaft of the giant magnetostrictive driver is fixed to the center of the integrated vibration plate, and the guide rod fixed to the integrated vibration plate is driven to vibrate at high frequency through continuous high-frequency vibration of the giant magnetostrictive driver, so that the electrode rod connected with the guide rod correspondingly generates high-frequency vibration. The utility model has the beneficial effects that the electrode stem is connected with the giant magnetostrictive driver through the guide rod, and the friction effect of the electrode stem and wastewater on the liquid-solid two-phase junction surface is generated through the continuous high-frequency vibration of the giant magnetostrictive driver, so that the concentration polarization phenomenon of the anode of the electrode stem is reduced."
87823385,5,0.174683,0,1,NOT_ML,Different volume weight wheat grain image segmentation algorithm based on improved U-Net network,"The invention discloses a different-volume-weight wheat grain image segmentation algorithm based on an improved U-Net network, and the algorithm employs a residual error stacking module as a main backbone structure in a down-sampling process, and in a feature fusion part, a CBAM attention mechanism module is embedded behind a primary feature map, so as to achieve the segmentation of wheat grain images with different volume weights. Adaptively adjusting feature fusion weights of different pixel points from channels and spatial positions; a self-attention module is embedded in a decoder part, and correlation between different targets is enhanced. According to the method, the wheat grains with different volume weights are identified and detected from an image angle, and a traditional method for detecting the wheat volume weight by adopting a volume weight cylinder is changed, so that the efficiency can be improved, and a solid foundation is laid for subsequently detecting the wheat volume weight by applying an image method."
26458685,5,0.174072,0,0,NOT_NOML,SEMICONDUCTOR DEVICE AND METHOD FOR MANUFACTURING IT,"PROBLEM TO BE SOLVED: To increase the storage capacity of a capacitor, without increasing the surface step difference of a base body, within a limited cell area of a DRAM (dynamic random access memory). SOLUTION: On a sidewall surface of a storage node electrode 12 of a hollow cylinder capacitor, a wavy ruggedness 9 is provided for enlarging a surface area, so that the storage capacity is increased. The wavy ruggedness 9 is formed in self-matching manner by an SOG(spin-on-glass) film is embedded in an opening of a resist pattern, where a wavy rough surface is intentionally generated on a side wall by utilizing the standing wave effect of photolithography, which is to be a sacrificial layer 10a, and then etching back a polysilicon film which covers the sacrificial layer 10a, after the resist pattern has been removed. Or the sacrificial layer may be formed of a porous silica film, so that a small-hole pattern of the film is transferred to the polysilicon film for forming minute projections, to increase the surface area of a storage node electrode."
53171360,5,0.171875,0,0,NOT_NOML,LED bootstrap control system based on linear drive,"The utility model discloses an LED bootstrap control system based on linear drive. The LED bootstrap control system based on linear drive mainly includes a rectifying and filtering circuit, a voltage detection circuit connected with an output end of the rectifying and filtering circuit, a bootstrap circuit connected with the voltage detection circuit, and a voltage stabilizing circuit connected with the bootstrap circuit, and is characterized in that the system also includes a linear drive circuit connected with the rectifying and filtering circuit and the voltage detection circuit at the same time, and the linear drive circuit comprises a drive chip U3, a triode VT2, a triode VT3, a triode VT4, a triode VT5, a polar capacitor C11 whose positive electrode is connected with the rectifying and filtering circuit and negative electrode is connected with an IN1 pin of the drive chip U3 through a resistor R11, and a resistor R12, one end of which is connected with the collector electrode of the triode VT5 and the other end of which is connected with the base electrode of the triode VT3 through a resistor R13. Compared with a conventional LED drive system, the LED bootstrap control system based on linear drive is provided with the linear drive circuit, so that the load capacity of the drive system can be effectively improved, thereby driving more LED lamp groups at the same time, so as to satisfy requirements of people."
14358563,5,0.170776,0,0,NOT_NOML,MOVABLE LIGHT EMITTING ELEMENT,"PURPOSE:To drive a plane driving vibration part by providing the plane driving vibration part with coils together with a light emitting element and by flowing currents through those coils. CONSTITUTION:A light emitting element 1 is provided in the center of a plane driving vibration part 2 and around it, three coils 6 are also provided. Around the plane driving vibration part 2, a damper 9 is provided. Magnets 4 are arranged over and under the vibration part 2 and so magnetized that the center and outer circumference of each coil 6 have different polarities. A control signal for tracking or correcting jitters is composed and inputted to three coils 6. The coils 6 may be divided into tracking coils inputting low-frequency signals and jitter-correcting coils inputting high-frequency signals."
59198886,5,0.170776,0,0,NOT_NOML,Active non-contact identity authentication method based on WiFi channel state information,"The invention discloses an active non-contact identity authentication method based on the WiFi channel state information. The user body type, habits and other features contained in the human body behaviors are extracted through the WiFi channel state information. The first application of the WiFi channel state information on an identity recognition direction is utilized, the features are extracted by reasonably and effectively denoising the channel state information CSI in a WiFi signal extensively utilized at this stage; the waveform data related with the actions is segmented according to the extraction result; the user behavior recognition and the user identity related information (action direction, speed, user body type and others) extraction are further performed on the segmented data; and then the feature results are used for recognizing the user identity, and meanwhile, the reality of the whole mechanism is guaranteed."
65735121,5,0.166382,0,0,NOT_NOML,Bone surgery special cable,"The utility model provides a bone surgery special cable, it includes multiple spot temperature precision measurement, electrode transmission, high -speed signal transmission and on -off control function, the cable size is little, and is soft resistant crooked, and can satisfy the biocompatibility requirement. Its cross section that includes that outside -in arranges in proper order is the annularrestrictive coating of circle, a PTFE lacing, the interior intracavity of a PTFE lacing is provided with a plurality of groups thermocouple extension line, a plurality of radio frequency coaxial lines, three direct current supply line, arrange after the transposition of three direct current supply line in the central point of inner chamber puts, and three direct current supply line insulate together with the inlayer and form the cylinder structure, the outer loop bread of cylinder structure covers and has a plurality of roots the radio frequency coaxial line, a plurality of roots the transposition of radio frequency coaxial line forms the loop configuration, the equivalent outer loop bread of loop configuration covers and has the 2nd PTFE lacing, the outer loop bread of the 2nd PTFE lacingcovers and has the shielding layer, the outer loop bread of shielding layer covers and has the 3rd PTFE lacing."
58166531,5,0.160034,0,0,NOT_NOML,Phase-selection switching control system of high-voltage circuit breaker,"The invention provides a phase-selection switching control system of a high-voltage circuit breaker. The phase-selection switching control system comprises a controller, a synchronous signal zero point detection circuit, a drive circuit, a circuit breaker and a state feedback correction module, wherein the controller is connected with the synchronous signal zero point detection circuit, the drive circuit and the state feedback correction module separately; an output end of the drive circuit is connected with a control terminal of the circuit breaker; the circuit breaker is also connected with an input end of the state feedback correction module; the synchronous signal zero point detection circuit is used for converting an external fixed-frequency sine wave signal into a digital reference signal capable of being recognized by a zero crossing point and transmitting the digital reference signal to the controller; the controller obtains a switching phase and a switching instruction according to external input and determines delay time according to a current delay parameter, the digital reference signal and the switching phase, and controls the circuit breaker to carry out a switching action corresponding to the switching instruction through the drive circuit after the delay time; and the state feedback correction module is used for detecting a state change of the circuit breaker and transmitting state feedback information to the controller."
92165272,5,0.156372,0,0,NOT_NOML,Phase current zero crossing point detection method and related equipment,"The invention provides a phase current zero crossing point detection method and related equipment, which are applied to a phase switch module, and the phase switch module comprises a high-side switching device and a low-side switching device. The method comprises the following steps: acquiring a first control level signal of a high-side switching device, a second control level signal of a low-side switching device and an output voltage signal of a phase switching module; determining dead time at least according to the first control level signal and the second control level signal; and obtaining a phase current zero crossing point detection result of the phase switch module at least according to the first control level signal, the output voltage signal and the dead time. In the phase current direction switching process of a phase circuit with dead time, the duration of outputting a high level by a conducting phase is inconsistent with the duration when a control signal of a high-side switching device is a high level, and a voltage signal is obtained based on a control level signal and a voltage feedback digital circuit, so that digital circuit detection of a phase current zero crossing point is realized; therefore, the implementation simplicity of the scheme is improved."
45454587,5,0.155884,0,0,NOT_NOML,Diagnosis and treatment system for foot drop,"The utility model discloses a diagnosis and treatment system for foot drop, comprising a foot drop prescription machine, used for receiving pulse signal attribute information input by a doctor and an included angle threshold; and a foot drop rectifier, which is placed on a patient position needing to be rectified, connected with the foot drop prescription machine through wired or wireless connection, and used for carrying out foot drop rectification on a patient according to the pulse signal attribute information and the included angle threshold received by the foot drop prescription machine. According to the utility model, through communication between the foot drop prescription machine and the foot drop rectifier, a doctor can set different pulse signal attribute information according to different conditions of patients; the purpose of rectification with pertinency according to the patients of different types is achieved; and application scope is wide."
59017913,5,0.150269,0,0,NOT_NOML,ELECTROMAGNETIC DEVICE DRIVING SYSTEM,"PROBLEM TO BE SOLVED: To shorten a recovery time to a prescribed boost voltage by effectively shortening a charging time of an output capacitor of a booster circuit, in an electromagnetic device driving system including the booster circuit.SOLUTION: An electromagnetic device driving system includes a first booster circuit 100 including an output capacitor C102, a second booster circuit 130, and a driving circuit Tr112 for driving an electromagnetic device L110 by supplying a prescribed boost voltage output from the output capacitor. The second booster circuit implements charging to the output capacitor with the first booster circuit, until a terminal voltage of the output capacitor reaches a prescribed boost voltage, after the supply of voltage to the electromagnetic device from the output capacitor is terminated, and the charging to the output capacitor by the first booster circuit is started.SELECTED DRAWING: Figure 1"
85390234,5,0.13916,0,0,NOT_NOML,"Opening and closing data acquisition method and device, equipment and storage medium","The invention relates to an opening and closing data acquisition method. The method comprises the following steps: acquiring signal emission time of a switching-on and switching-off signal for a target switching-on and switching-off device, and acquiring current data of the target switching-on and switching-off device in a time interval matched with the signal emission time; acquiring a plurality of sub-current data of the current data at different time points in the time interval, and acquiring the difference degree between each sub-current data and the previous sub-current data; on the basis of the difference degree, acquiring sudden change point current data from the plurality of sub-current data; based on the catastrophe point current data, obtaining opening and closing time corresponding to the catastrophe point current data and a phase angle corresponding to the catastrophe point current data, and based on the signal sending time and the opening and closing time, obtaining duration information required by the target opening and closing device to complete opening and closing operation; and taking the phase angle and the duration information as switching-on and switching-off data of the target switching-on and switching-off device. By adopting the method, the opening and closing data of the target opening and closing device can be accurately obtained."
50975469,5,0.137817,0,0,NOT_NOML,SYSTEM AND METHOD FOR MONITORING AND CONTROLLING A STATE OF A PATIENT DURING AND AFTER ADMINISTRATION OF ANESTHETIC COMPOUND,"A system and method for monitoring and controlling the administration of at least one drug having anesthetic properties are provided. The method includes arranging a plurality of sensors configured to acquire physiological data from a patient and reviewing the physiological data from the plurality of sensors and an indication from a user interface. The method also includes assembling the physiological data into sets of time-series data and analyzing the sets of time-series data to determine signature profiles consistent with the administration of at least one drug. The method further includes identifying, using signature profiles, at least one of a current state and a predicted future state of the patient, controlling the administration of the least one drug to attain the predicted future state, and then generating a report including information regarding at least one of the current state and the predicted future state of the patient induced by the drug."
91334272,5,0.137817,0,0,NOT_NOML,"EDDY CURRENT ANALYSIS METHOD, EDDY CURRENT ANALYSIS DEVICE, AND PROGRAM","To provide an eddy current analysis method which can numerically determine the eddy current that is generated when an electrical conductor is placed in a magnetic field that changes over time.SOLUTION: An analysis object defined in an analytic space is divided into a plurality of volume elements, and a magnetic moment is added to each of the plurality of volume elements. An external magnetic field to be applied to the analysis object from the outside is defined. A step of calculating a vector potential at each position of the plurality of volume elements on the basis of the magnetic moment of each of the plurality of volume elements and the external magnetic field, a step of calculating an eddy current on the basis of the vector potential at each position of the plurality of volume elements, a step of calculating an induced magnetic field at each positions of the plurality of volume elements, and a step of updating the magnetic moment of each of the plurality of volume elements on the basis of the induced magnetic field are repeated. In the step for calculating the vector potential, a binding condition that a normal direction component of the eddy current on the surface of the analysis object becomes zero is imposed.SELECTED DRAWING: Figure 5"
50863248,5,0.130981,0,0,NOT_NOML,High-efficiency BOOST circuit,"The invention provides a high-efficiency BOOST circuit which is mainly used for solving the problems that an existing low-voltage new energy power supply inverter is high in power consumption, low in efficiency and poor in reliability. The high-efficiency BOOST circuit comprises an input current sampling circuit and an output current sampling circuit. The output ends of the input current sampling circuit and the output current sampling circuit are sequentially connected with the input end of a VMOS switching circuit through a width-adjusting impulse control circuit, a driving signal synthesizing circuit and a VMOS switching driving circuit. A follow current inductor comprises two difference module symmetric inductors. The input current sampling circuit comprises a current sensor CS1, a capacitor C13, a resistor R21, a diode D4, a reverse isolation circuit and a VMOS tube which carries out synchronous rectification together with the VMOS switching circuit. The driving signal synthesizing circuit is synchronously driven by the follow current driving circuit."
79289097,5,0.129639,0,0,NOT_NOML,3D holographic image artificial intelligence minimally invasive endoscope system,"The invention relates to the technical field of medical instruments, and particularly discloses a 3D holographic image artificial intelligence minimally invasive endoscope system. The 3D holographic image artificial intelligence minimally invasive endoscope system comprises an endoscope body with a shell, a control handle and a host, wherein the endoscope body is connected with the control handle through a snake bone; the endoscope body comprises a 3D lens module, a light source module and a 3D image acquisition module which are arranged in the shell, the output end of the 3D lens module is in communication connection to the input end of the 3D image acquisition module, and the light source module is electrically connected to the control handle; and a 3D image processing module is arranged in the control handle, and a display module is arranged on the host. The 3D holographic image artificial intelligence minimally invasive endoscope system has the advantages that all the modules are arranged in the endoscope shell, a series of processing can be performed on obtained images to obtain clear 3D holographic images, and therefore, a doctor can know the internal condition of the body of a patient more clearly."
91277705,5,0.126953,0,0,NOT_NOML,Stretchable LED Patch And Health Care Device Including The Same,"The present invention relates to a stretchable LED patch, wherein a stretchable electrode is stacked on one surface of a stretchable film, a conductive bond is stacked on the other surface of the stretchable electrode, the conductive bond connects the stretchable electrode and an LED light source, a support is stacked on the other surface of the stretchable film, a protruding portion of the LED light source is flattened with a stretchable LED cover, and a double-sided adhesive band is stacked on the flattened surface."
37371596,5,0.122742,0,0,NOT_NOML,DEVICE FOR GENERATING EXTRAORDINARY SOUND USING PERCUSSION INSTRUMENT,"PURPOSE: A device for generating an extraordinary sound using a percussion instrument is provided to produce various drum sounds to create extraordinary and pleasant sounds. CONSTITUTION: A device for generating an extraordinary sound includes a percussion instrument(120), a sensor(140), a device main body(160), and a speaker(180). The sensor senses a vibrating sound generated from the percussion instrument. The device main body includes a memory chip in which individual extraordinary sounds or mixed extraordinary sounds are stored as audio files. The memory chip is selectively connected to the sensor. When the sensor senses a signal, the main body controls a sound stored in a selected audio file to be output. The speaker is connected to the device main body to output a selected extraordinary sound."
53352277,5,0.119019,0,0,NOT_NOML,Electric restraint strap,"The utility model discloses an electric restraint strap, and relates to the field of mechanical equipment. The electric restraint strap comprises a first fixing strap, a second fixing strap and a circuit board, wherein one end of the first fixing strap is connected with one end of the second fixing strap, and the other end of the first fixing strap is movably connected with one end of the first fixing strap; the circuit board is arranged on the first fixing strap; the first fixing strap is an inflatable fixing strap; the second fixing strap is a non-inflatable fixing strap. According to the electric restraint strap, after such restraint straps are fixedly arranged on four limbs in an electric inflation manner, releasing time and suitable tightness are input, and a skin temperature measurement alarming mode is started; when the restraint strap is released, the skin on the fixing part is massaged by the inner side of the restraint strap, so that blood circulation is promoted; the electric restraint strap is safe and convenient, and in addition, massage and healthcare effects are achieved."
64742959,5,0.118164,0,0,NOT_NOML,MASSAGE MACHINE,"This massage machine is provided with a massaging element, a motor (102) for driving the massaging element, an inverter circuit (104) for driving the motor (102), and a control unit (800) for controlling the inverter circuit. The massage machine is further provided with a current detection unit (809) which is connected to the inverter circuit (104) to detect a current flowing to the motor (102). In addition, the control unit (800) is provided with: a torque current calculation unit (801) which, on the basis of the value of detected current, calculates a torque current that indicates the torque level; and a feedback control unit (810) which calculates control information for controlling the inverter circuit (104) on the basis of the torque current so as to bring the rotation of the motor to a prescribed target state. With this configuration, the present invention is able to provide a massage machine which is capable of reducing differences in pressing force due to differences in physique."
81819166,5,0.116577,0,0,NOT_NOML,Segmented CRC-assisted volume active code coding and decoding scheme,"The invention discloses a segmented CRC (Cyclic Redundancy Check) auxiliary decoding scheme based on volume active codes based on a sliding window algorithm, and mainly solves the problems that the complexity of the existing SCL and CRC-SCL is very high and the performance of the existing segmented CRC auxiliary decoding algorithm cannot be improved. The implementation scheme is as follows: 1) carrying out Monte Carlo simulation to count the error probability of each bit channel; 2) searching a continuous sub-channel with the highest error probability by using a sliding window algorithm; 3) according to a search result in the step 2), performing CRC (Cyclic Redundancy Check) at the most error-prone sub-channel so as to improve the retention probability of a correct path; and 4) repeating the process, and sequentially adding other CRC segments. And 5) carrying out volume active code coding, modulation and noise addition. And 6) carrying out segmented decoding on the received information sequence. Compared with an existing decoding algorithm, the decoding method has certain performance gain while the calculation complexity is reduced, and has better decoding performance compared with a polarization code under the same condition."
70793116,5,0.115784,0,0,NOT_NOML,Rock plug blasting device,"The utility model provides a rock plug blasting device which comprises explosive, a high-precision nonel detonator, an electronic digital detonator and a bamboo chip which are arranged in a blast hole, and a blocking section for blocking an opening is arranged at the tail end of the opening of the blast hole; and leg wires of the high-precision nonel detonator and the electronic digital detonatorare exposed out of the blocking section. According to the utility model, the high-precision nonel detonator and the electronic digital detonator are simultaneously arranged in the explosive, so that a'repeated 'type initiation network is formed. The utility model discloses a'repeated 'type initiation network. The high-precision nonel detonator can overcome the risk that the detonation reliabilityof an electronic digital detonator is reduced under the conditions of water and pressure, and the electronic digital detonator can overcome the risk that the high-precision nonel detonator cannot be subjected to network detection after ammunition coating is completed, so that a'repeated 'detonation network can ensure successful rock plug detonation, and the detonation rate is increased."
82969765,5,0.115784,0,0,NOT_NOML,Visually impaired person crossing sound prompting method and system for pedestrian crossing signal lamp,"The invention relates to a visual impaired person crossing sound prompting method and system for a pedestrian crossing signal lamp, and the method comprises the steps: when a prompting device receives a triggering message which is from a mobile terminal and comprises a representative visual impaired person, the prompting device broadcasts a first type of information of a signal lamp state associated with the prompting device in advance, the blind person street-crossing sound prompting device has the advantages that the influence of the blind person street-crossing sound prompting device on the outside is reduced, and visually impaired people can conveniently and safely pass through the pedestrian crosswalk."
51787535,5,0.11499,0,0,NOT_NOML,Method for rf excitation with two resonance frequencies to detect the cest effect,"The invention relates to a method for detect the CEST effect by utilization of magnetic resonance apparatus (5) and by performing HF excitation (25) with two resonance frequencies (f1, f2). The RF excitation (25) is achieved with the use of a first RF antenna (4) and a second RF antenna (4') of the magnetic resonance apparatus (5) with a first portion of the RF excitation at a first resonance frequency (f1) of the two resonance frequencies being implemented with the first RF antenna (4), and a second portion of the RF excitation at a second resonance frequency (f2) of the two resonance frequencies is implemented with the second RF antenna (4')."
37101890,5,0.112976,0,0,NOT_NOML,"Data driver, organic light emitting display device using the same, and method of driving the organic light emitting display device","A data driver capable of displaying images with a substantially uniform brightness, an organic light emitting display device using the same, and a method of driving the organic light emitting display device. The data driver includes a current sink unit for controlling a predetermined current to flow through a data line, a voltage generator for resetting values of gray scale voltages using a compensation voltage generated when the predetermined current flow s, a digital-to-analog converter for selecting one gray scale voltage among the gray scale voltages as a data signal in response to bit values of data supplied from the outside, and a switching unit for supplying the data signal to the data line. The predetermined current may be set equal to pixel currents that correspond to a maximum brightness."
49082049,5,0.111816,0,0,NOT_NOML,SEMICONDUCTOR DEVICE,"The present invention is a trench-gate-type insulated-gate-type bipolar transistor wherein current will not come into the lower section of trenches (6) by a roundabout path, the generation of a high electrical field in the lower section of the trenches (6) can be suppressed even if a high voltage is impressed in an OFF state or the like, increases in ON-resistance and reductions in destruction resistance can be suppressed, and reductions in voltage strength can be suppressed. The present invention is a semiconductor device wherein a plurality of trenches (6) are formed so as to reach the back (2b) of a drift layer (2) and a collector layer (5) is formed on the tip section side of the front layer section of the drift layer (2) in the direction of extension of the plurality of trenches (6). When a prescribed voltage is impressed on a gate electrode, a channel region is formed in the parts of a base layer (3) that are in contact with the trenches (6) so that current flows in the direction of extension of the trenches (6) along the trenches (6)."
60412071,5,0.110291,0,0,NOT_NOML,ANIMAL-SENSING SECURITY PATCH AND USE METHOD THEREFOR,"An animal-sensing security patch and a use method therefor. The security patch comprises a decorative layer (11), an inductive layer (12), an adhesive layer (13), a protective film (14), a processor (4), and an alarm (5). The decorative layer (11) is used for coating/printing a pattern. An excitation lead (2) and an inductive lead (3) are arranged on the inductive layer (12). The adhesive layer (13) is affixed onto the surface of an insulating material. The protective film (14) covers the surface of the adhesive layer (13). The excitation lead (2) is used for forming an induced electric field. The inductive lead (3) is arranged in the induced electric field to detect a change in the induced electric field caused by the magnetic field of a human body or animal and to transmit the change to the processor (4). The processor (4) is used for determining whether the alarm (5) needs to be activated."
64410417,5,0.10321,0,0,NOT_NOML,Online selection method for effective reactive power compensation location of power system,"The invention relates to an online selection method for effective reactive power compensation locations of an electric power system. The online selection method comprises the following steps that S1,a voltage dangerous node is given, and a local system is equivalent to a double-node system through multi-port Thevenin equivalent, and the correlation index of each reactive power compensation node to a voltage unstable place is calculated; S2, the obtained correlation index is subjected to normalization computing; S3, a threshold value K is set, nodes with correlation indexes smaller than K areeliminated, and a set of the effective reactive power compensation locations is obtained; and S4, according to a real-time power network structure and power flow, the reactive power compensation location ordering of the system is obtained. According to the online selection method, only impedance information of a local power grid and voltage information of each reactive power compensation node needto be known, so that an effective reactive power compensation location selection method can be obtained. Compared with an existing method, the online selection method can quickly identify effective reactive power compensation nodes through online information, and quickly improve the voltage stability of the system."
39945991,5,0.100342,2,0,REL_NOML,Mobile type diaphragm clamp basin with cell growth substrate coating,"A moving patch clamp bath with a cell growth matrix coating layer relates to the patch clamp bath for electrophysiology experiment. The patch clamp bath includes a bath cup 1, a bath cup cover 2 and a bath cup rack 3 to solve the problems of slow cell attachment and low cell attachment rate during the experimental process of the moving patch clamp bath and significantly prolong experimental operation time; a hole 5 to place the bath cup 1 is arranged at the upper surface of the bath cup rack 3, and the cell growth matrix coating layer 4 is coated on the inner wall of the bath cup 1. The moving patch clamp bath with the cell growth matrix coating layer of the invention has easy cell attachment, shortened experimental operation time, simple structure and easy processing and manufacture."
17714238,6,0.789062,2,0,REL_NOML,AUTOMATIC SHIP PILOT DEVICE ACTIVATED BY BRAIN WAVES,"PROBLEM TO BE SOLVED: To previously detect a doze by automatically beginning steering by an automatic ship pilot device when a theta wave or a delta wave is detected in brain waves. SOLUTION: As a brain wave input means 1, an electroencephalograph can be used. A brain wave analysis means 2 is constituted of an amplifier, a band pass filter, an A/D converter, and a computer or a microprocessor. Hereat, when the brain waves of a navigation officer on duty is analysed by the computer of the brain wave analysis means 2 to detect a doze, a computer 4 for operating a ship immediately begins autopilot by indication of a brain wave analysing computer 9. When the member on duty only puts on the brain wave input means 1, by indication of the brain wave analysing computer 9, warning to the member on duty is output, simultaneously, a warning lamp in the sitting room of a navigation officer off duty is lighted, and the doze of the member on duty can be informed to the member off duty."
59755546,6,0.782227,0,0,NOT_NOML,Electroporation apparatus based on chip formula electrode,"The utility model belongs to the technical field of biomedical research device, a electroporation apparatus based on chip formula electrode is disclosed, including empty core rod (1), the one end of empty core rod (1) is provided with chip electrode (2), chip electrode (2) just, negative pole and power connecting wire (3) just, the negative pole corresponds and is connected, follow power connecting wire (3) the other end of empty core rod (1) is worn out. The utility model discloses can realize the electroporation operation on tissue surface, make the electric field coverage on tissue surface controllable, and to mains voltage require for a short time, the suitability is strong, convenient to carry."
87685164,6,0.782227,2,0,REL_NOML,Brain magnetic source positioning method based on nearest neighbor multiple linear regression model,"The invention provides a brain magnetic source positioning method based on a nearest neighbor multiple linear regression model. The method comprises the following steps: constructing a brain model based on a nearest neighbor multiple linear regression model and representing space-time correlation between brain source activities; constructing a source covariance matrix in the model based on a graph Laplacian smoother, and representing spatial correlation of covariance hierarchies between source activities; and based on Bayesian reasoning and a convex optimization theory, carrying out reasonable hypothesis on the model, and deducing a model parameter iterative solution formula. According to the source localization algorithm, more accurate source estimation including accurate localization source position, range size and source time waveform estimation can be obtained, and a solid technical basis is provided for medical application of brain magnetism."
68092228,6,0.780762,0,0,NOT_NOML,Electric ablation device,"The utility model provides an electric ablation device. The electric ablation device comprises a mainframe box and a plurality of electrodes, a control circuit is arranged in the mainframe box and comprises a power supply, a controller, a direct current generator and an electric pulse generator; the power supply is electrically connected with the controller, the direct current generator and the electric pulse generator respectively; the controller is in signal connection with the control ends of the direct current generator and the electric pulse generator. And the direct current generator andthe electric pulse generator are electrically connected with the port of each electrode. According to the utility model, electroporation ablation and electrolytic ablation are combined together to generate a synergistic effect, so that the electric injury to a human body is reduced, the treatment time is shortened, and the treatment effect is improved."
78894230,6,0.758301,0,1,NOT_ML,"Brain CT image segmentation model training method and device, segmentation method for brain CT image","The invention discloses a brain CT image segmentation model training method and device, a segmentation method for a brain CT image. The training method comprises the following steps: obtaining an input feature map obtained by a to-be-trained coding network according to the brain CT sample image with label information, obtaining a segmentation result obtained by a to-be-trained decoding network according to the input feature map, and carrying out spatial information fusion and channel information fusion on a plurality of feature maps with different channel numbers by the decoding network, aggregating the obtained space fusion features and channel fusion features to obtain a segmentation result; and calculating the difference between the segmentation result and the label information of the brain CT sample image, and updating the model parameters of the coding network and the decoding network according to the difference. In the training process, rich spatial information in the encoding stage is extracted through spatial information fusion, the segmentation precision is improved, meanwhile, a dynamic non-dependency relationship between channels is established through channel information fusion, the learning process is simplified, and the representation capability of the model is remarkably enhanced."
65198088,6,0.754395,0,0,NOT_NOML,Contactless twelve-lead electrocardiogram signal acquisition device,"The invention relates to a contactless twelve-lead electrocardiogram signal acquisition system, belonging to the field of medical electronics, which is composed of a contactless electrocardiogram acquisition collector, a signal filtering and amplifying module, an A/D module, a microprocessor, a liquid crystal display module, a wireless communication module, a microprocessor and a power managementsystem. The non-contact ECG collecting electrode is connected with the signal filtering and amplifying module through a signal line. The filtering amplification module is electrically connected with the A/D module, the microprocessor is connected with the A/D module, the wireless communication module and the liquid crystal display module; the power management system is connected with the signal filtering and amplifying module and the microprocessor through the power line and the control bus respectively. The collected signals are sent to the processor for processing."
63108682,6,0.739746,2,1,REL_ML,"MACHINE LEARNING APPARATUS, CLASSIFICATION APPARATUS, METHOD AND PROGRAM","PROBLEM TO BE SOLVED: To improve accuracy and efficiency of work to detect firing from neuronal extracellular potential data.SOLUTION: A machine learning apparatus, with respect to data representing the change over time of extracellular electric potential of nerve cells, learns the relationship between firing and electric potential values using electric potential values measured over a prescribed period and teacher values indicating occurrence of firing in said period. The machine learning apparatus is also provided with a learning processing unit that corrects a coefficient used in a prescribed function using: the electric potential values; a feature amount calculation unit that calculates feature amounts on the basis of the function; a value based on the feature amount calculated by the feature amount calculation unit; and the teacher value.SELECTED DRAWING: Figure 7"
54208671,6,0.709473,0,0,NOT_NOML,Physiological signal determination of bioimpedance signals,"Embodiments relate generally to wearable computing devices in capturing and deriving physiological characteristic data. More specifically, disclosed are one or more electrodes and methods to determine physiological characteristics using a wearable device (or carried device) and one or more sensors. In one embodiment, a method includes determining a drive signal magnitude for a bioimpedance signal to capture data representing a physiological-related component and selecting the drive signal magnitude as a function of an impedance of a tissue. The bioimpedance signal can be applied to electrodes that are configured to convey the bioimpedance signal to the tissue. In some cases, data representing a value a signal-to-noise (“SNR”) ratio may be adapted to form an adaptive signal-to-noise value. A portion of a received bioimpedance signal may be detected, the received bioimpedance signal being based on the adaptive signal-to-noise value. A physiological characteristic can be derived."
33509921,6,0.70752,0,0,NOT_NOML,Electro-optical analysis of integrated circuits,"An integrated circuit die having silicon on insulator (SOI) structure is analyzed in a manner that improves the ability to obtain a signal from the SOI structure. According to one example embodiment, a stimulating device is adapted to stimulate an integrated circuit having SOI structure. An electro-optic probe arrangement is focused on a selected portion of the integrated circuit in a manner that makes possible the detection of a response to the stimulation from the SOI selected portion. In this manner electro-optic probing portions of an integrated circuit having SOI structure is enhanced."
76046949,6,0.70752,0,0,NOT_NOML,Electrode device for generating seismic waves and usage method,"The invention relates to an electrode device for generating seismic waves and a usage method. The electrode device is used for a cardiovascular stenosis lesion recanalization system. The electrode device comprises an electrode pair, a connecting wire and a catheter, the electrode device is arranged on the catheter, the arrangement mode of the electrode pair is coaxial radial arrangement, and the electrode pair comprises an electrode tip and a wire; the device can be matched with a balloon catheter to control a generator of a recanalization system to apply vibration waves to vibrate and expand a narrow blood vessel attached to the periphery of a balloon to a certain recanalization rate, the action direction and effect after the vibration waves are generated are controlled, the purpose of keeping the blood vessel normal for a long time is achieved, and finally cardiovascular stenosis is treated. The device is simple in structure, low in cost and easy to store."
90850454,6,0.697266,2,1,REL_ML,Cerebral stroke risk prediction method and system,"The invention belongs to the technical field of risk prediction, and discloses a cerebral apoplexy risk prediction method and system. The method comprises the following steps: capturing cerebral apoplexy risk assessment knowledge big data and historical clinical big data; performing data preprocessing; constructing a cerebral apoplexy risk knowledge graph; carrying out secondary data processing; constructing a cerebral apoplexy risk prediction model by using a deep learning algorithm; performing data dimension reduction on the real-time clinical data; performing cerebral apoplexy risk prediction; and cerebral apoplexy prevention measures are obtained. The system comprises a big data capture module, a data preprocessing module, a knowledge graph construction module, a data secondary processing module, a cerebral apoplexy risk prediction model construction module, a data dimension reduction module, a cerebral apoplexy risk level prediction module and a cerebral apoplexy prevention measure acquisition module which are connected in sequence. The problems of low efficiency, poor accuracy, medical resource waste and low data value in the prior art are solved."
54065693,6,0.67627,0,0,NOT_NOML,IMPLANTABLE SENSOR,"An implantable sensor is proposed comprising a ring shaped element and a coil. The ring shaped element is made of a silicone and is electrically conductive. The coil may be formed by a wire with a number of windings, wherein at least the free ends of the wire, i.e. of the coil are enclosed by the silicone of the ring shaped element, wherein an electrical resistance of the ring shaped element varies upon a deformation of the ring shaped element."
66234900,6,0.666504,2,1,REL_ML,Fatigue driving monitoring method and device and computer readable storage medium,"The invention provides a fatigue driving monitoring method and device and a computer readable storage medium, and relates to the technical field of fatigue detection. The method comprises the steps ofacquiring visual features of a face image of a driver; inputting the visual features into a trained network model to obtain a fatigue index represented by EEG signals corresponding to the visual features, wherein the network model is obtained by training the visual features corresponding to the sample face image and the synchronously obtained sample EEG signals for multiple times; and determiningthe fatigue state according to the fatigue index. The EEG signals can accurately reflect the fatigue state of the driver, and the fatigue state of the driver can be accurately judged through collecting the face image of the driver according to the network model obtained by training the visual features and the EEG signals."
85439610,6,0.662109,0,0,NOT_NOML,"Diaphragm electromyographic signal noise reduction method, system and device and storage medium","The invention discloses a diaphragm electromyographic signal noise reduction method, system and device and a storage medium, and relates to the technical field of computers. The method comprises the following steps: decomposing a surface diaphragm electromyographic signal through a multi-scale wavelet, determining a wavelet coefficient of a corresponding scale based on a frequency range of the electrocardio signal, squaring the wavelet coefficient to amplify wavelet features of an electrocardio interference signal to obtain a wavelet energy coefficient, and positioning the interference signal by adopting a dual-threshold algorithm, noise and useful diaphragm electromyographic signals can be effectively distinguished. And determining an average energy threshold value based on the wavelet energy coefficient in an interval adjacent to the interference interval where the electrocardio position is located, performing noise reduction processing on the interference interval according to the average energy threshold value to remove interference signals in the interference interval, and performing reduction and wavelet reconstruction operation on the wavelet energy coefficient after noise reduction to obtain the diaphragm electromyographic signal. The signal-to-noise ratio of the diaphragm electromyographic signals can be improved, and more effective diaphragm electromyographic signals can be reserved."
46858036,6,0.65332,0,0,NOT_NOML,"Microelectrode system having double-spiral structure, electrochemical sensor and preparation method of the microelectrode system having double-spiral structure","The invention discloses a microelectrode system having a double-spiral structure, an electrochemical sensor and a preparation method of the microelectrode system having a double-spiral structure. The microelectrode system having the double-spiral structure is used for electrochemical detection and comprises an insulating substrate, a first electrode and a second electrode, wherein the first electrode and the second electrode are arranged on the insulating substrate; the first electrode and the second electrode have spiral shapes, are electrically isolated from each other and are nested with each other thereby forming the double-spiral structure. The microelectrode system having the double-spiral structure can provide continuous field distribution thereby improving the response stability in electrochemical measurement."
71083303,6,0.652344,0,0,NOT_NOML,IMS MTL PERSONAL MERIDIAN ELECTRICAL IMPULSE APPARATUS HAVING THE EFFECT ON BLOOD CIRCULATION AND AUTONOMIC REGULATION BY LOW FREQUENCY USING INNER MUSCLE STIMULATION TYPE AND APPLYING MULTI WAVELENGTH LIGHT EMITTING DIODE TECHNOLOGY,"Disclosed is a personal electric meridian stimulation apparatus having an effect on blood circulation and reinforcement of an autonomic regulation function by low frequency waves using an inner muscle stimulation (IMS) type and application of multi-wavelength light emitting diode (MTL) technology. According to the present invention, a second abdominal pad and a footplate, which include first and second light emitting diode (LED) chip modules emitting light with a plurality of wavelengths, are added to a smart self-care personal electric meridian stimulation apparatus including a first abdominal pad, which emits the low frequency waves and heat, and the like. Accordingly, through low frequency electric stimulation using the IMS type, provided are effects on diet, physical treatment, blood circulation, muscle reinforcement, and the reinforcement of the autonomic regulatory function. Moreover, through the application of the MTL technology, provided are treatment effects on chronic dermatopathy, skin aging, wounds, freckles, mitigation of inflammation, cell regeneration, cellulite decomposition, reinforcement of renal function, and the like."
50694491,6,0.649902,0,0,NOT_NOML,method for prognostigation of occurrence of heart arrhythmia at patients with ischemic heart disease with depressive and anxious disorders,"A method for prognostigation of occurrence of heart arrhythmia at patients with ischemic heart disease with depressive and anxious disorders consists in that the daily electrocardiogram monitoring is carried out to patients with the determination of amount and duration of painful and painless ischemia, quantity of extrasystoles and attacks of auricle fibrillation per day. By means of a hospital scale of depression and anxieties, a level of anxieties and depressions is determined, and quantity of psychoemotional conflicts is determined for a week, and at determination of acute psychoemotional stresses 2 and more for a week, increasing of parameters of HADS anxieties scale on 10 points and more, depressions on 9 points and more, quantity of painful myocardium ischemia of 2 episodes and more for a week, duration of painless myocardium ischemia of more than 6 minutes day the occurrence of auricle extrasystols and fibrillations is prognosticated."
91670673,6,0.644531,0,0,NOT_NOML,MAPPING AND NAVIGATION SYSTEM,"Provided herein are systems, devices, and methods for performing a medical procedure on a patient. The system includes a catheter device and a console for operating the catheter device. The catheter device includes a functional assembly that is located on the distal portion of the catheter and includes one or more electrodes. The console includes a diagnostic module for recording signals from the electrodes and a processing unit for processing the recorded signals."
20228862,6,0.643555,0,0,NOT_NOML,MEDICAL INSOLE,"medical engineering. SUBSTANCE: device has conducting and nonconducting magnetophoretic layers provided with acupressure massage protrusions and means for connecting selected foot zones through pulse shapers to negative output unit of ferropiezogenerator of module structure with conic type pressure drive. Joining drive edges are manufactured as coupled conic surfaces having generatrix slope angle of 40-75 deg to cross-section plane running in perpendicular to the axis. Seignette member groups of the generator modules are connected in opposition to each other with their positive output being connected to passive electrode. EFFECT: combined magnetic, electric and acupressure stimulation of selected foot zones; enhanced effectiveness of treatment. 8 dwg"
92859748,6,0.64209,2,1,REL_ML,Intelligent monitoring system for nursing of critical patient,"The invention provides a critical patient nursing intelligent monitoring system. The system constructs an artificial intelligence algorithm model by using the electroencephalogram parameters, the blood physiological parameters, the respiratory rate and the doctor's advice, and the constructed artificial intelligence algorithm model generates a patient nursing intelligent monitoring strategy according to the real-time electroencephalogram parameters collected by the server, the real-time blood physiological parameters of the user, the current respiratory rate and the current doctor's advice. The nursing means of the nurse are flexibly adjusted according to the patient nursing intelligent monitoring strategy, so that the humanized nursing target is achieved. According to the intelligent nursing system, the special requirement of the patient for precise nursing is met, the intelligent nursing effect is achieved, and the life quality of the patient is improved."
82051149,6,0.627441,0,0,NOT_NOML,Novel vibratory massage magnetic therapy cap,"A novel vibration massage magnetic therapy cap comprises an inner container, a plurality of sets of magnetic therapy buckles distributed at equal intervals are installed on the outer side of the inner container, a shell is arranged on the upper side of the inner container, a plurality of sets of vibration blocks distributed at equal intervals are installed on the outer side of the shell, supporting frames are fixedly connected to the left side and the right side of the shell, and screw holes are formed in the middles of the two sets of supporting frames. When the outer shell is installed on the outer side of the inner container, the vibration blocks driving the outer shell can press the magnetic therapy buckles of the inner container to massage the head, the inner container and the outer shell can be installed and detached mutually, the outer shell can be directly taken down after massage is finished, the magnetic therapy buckles on the inner container continue to conduct magnetic therapy on the head, the weight of the head is reduced, and the head is more comfortable. When the shell massages the head, the screw rods are screwed to enable the supporting plates to be attached to the shoulders of the user, the shell is supported through the two sets of supporting plates, the weight of the device is greatly reduced, and the neck of the user is effectively prevented from being sprained."
90136990,6,0.626465,0,0,NOT_NOML,Virtual reality psychological disease cognition experience system and method,"The invention discloses a virtual reality psychological disease cognition experience system and method, and the system comprises an information collection module, a cognition experiment module, a comprehensive evaluation module, a communication module, and an early warning module. A data processing center is used for receiving data collected by the information collection module and signals transmitted by the communication module; the behavior analysis of the cognitive experiment module and the comprehensive evaluation module is carried out in real time through a carried algorithm program; according to the system, parameter data of an experiencer is monitored in real time through the information acquisition module, data analysis and processing are performed through the data processing center, accurate monitoring and intelligent judgment are achieved, and the coping efficiency of psychological diseases is improved; whether acquisition succeeds or not is judged by combining the parameters acquired by the information acquisition module with the standard value parameters of the system and the standard degree of the actions of the experiencer, and an alarm is given in time in combination with the alarm module, so that the data acquisition accuracy and the processing and correction efficiency of the experiencer are improved."
83449638,6,0.62207,0,1,NOT_ML,Fluid property sensing array utilizing a neural network,"A fluid property sensing array includes a first sensor including a first electrode assembly and a first sensing layer at least partially coating the first electrode assembly, the first sensor having a first response to a property of the fluid; and a second sensor including a second electrode assembly and a second sensing layer at least partially coating the second electrode assembly, the second sensor having a second response to the property of the fluid. The array can include a third sensor including a third electrode assembly and a third sensing layer at least partially coating the third electrode assembly, the third sensor having a third response to the property of the fluid. The first sensing layer, the second sensing layer, and the third sensing layer can be compositionally different, such that the first response, the second response, and the third response to the property of the fluid are different."
18796891,6,0.621094,2,0,REL_NOML,WILL DISPLAY DEVICE AND WILL DISPLAY METHOD,"PROBLEM TO BE SOLVED: To provide a will display device for displaying the will of a user by detecting the change of a measured brain blood volume. SOLUTION: A head part is irradiated with near infrared light, a fitting curve 2-15 for the measured value of transmission light intensity in a rest period indicated by the period of a point (a) and a point b and the period of a point c and a point d among the intensity 2-14 of transmission light scattered and transmitted inside the head part is calculated and a difference Ds between the fitting curve and the measured value of the transmission light intensity is obtained. The mean square value Crest of Ds in the rest period and the mean square value Ctask of Ds in a task period are calculated, a Ctask/Crest is compared with a predetermined threshold and the presence/absence of the change of the brain blood volume based on the conscious brain function activity of the user of this device is discriminated. Thus, the intention is expressed by using the fluctuation of the brain blood volume accompanying the brain function activity without using motion functions."
63071486,6,0.620117,0,0,NOT_NOML,Therapeutic pillow for neurology department,"The invention discloses a therapeutic pillow for the neurology department and belongs to the field of medical tools for the neurology department. The pillow includes an edge part, a headrest part anda neck pillow part, and the headrest part, the lower portion of the neck pillow part and the edge part are all filled with stretch cotton; the headrest part is composed of a bamboo carbon fiber layer,a Chinese medicine layer and a heating layer from top to bottom in sequence, and the neck pillow part is higher than the headrest part. Medicinal components of the therapeutic pillow can be utilizedto the maximum degree and have a remarkable therapeutic effect on insomnia."
40531710,6,0.611816,0,0,NOT_NOML,METHOD OF GLIAL BRAIN TUMOUR TREATMENT,"FIELD: medicine. ^ SUBSTANCE: treatment of glial brain tumours is ensured by partial tumour extraction. During operation photosensitiser is delivered in the cavity formed by partial tumour extraction. Photodynamic laser therapy implies using diode laser of cylindrical diffuser with spherical radiation pattern. Wavelength is 660 nm, power is 100-200 mW. ^ EFFECT: higher concentration of photosensitiser in cavity of partially extracted tumour, reduced amount of introduced photosensitiser, more uniform radiation of tumour tissue, lower probability of postoperative complications and length of hospital stay. ^ 3 ex"
79999944,6,0.604492,0,0,NOT_NOML,Local pulsed electric field ablation head end,"The utility model discloses a local pulsed electric field ablation head end which comprises an anode electrode and a plurality of cathode electrodes, the anode electrode is arranged at the farthest end of the ablation head end, and the ratio K of the sum of the surface areas of the cathode electrodes to the surface area of the anode electrode is 3: 1-1: 1. The K value is preferably in a range of 3: 1-1: 1, a relatively good ablation depth can be obtained, and meanwhile, the anode electrode does not generate an ionization phenomenon. According to the local pulse electric field ablation head end, a high-voltage pulse energy source can be accurately applied to target tissue, a focus area can be ablated in a targeted mode, surrounding healthy tissue is prevented from being damaged, and efficient and accurate ablation is achieved."
51737610,6,0.602539,0,0,NOT_NOML,Control method and device for electronic equipment using EOG and EMG,"The present invention relates to a method and a device for controlling electronic devices using electrooculogram (EOG) and electromyogram (EMG) and, more specifically, provides a human computing interface (HCI) which is conveniently used by disabled people using an electroo culogram (EOG) signal and an electromyogram (EMG) signal. Specially, the present invention provides the HCI capable of being conveniently used by sensing the EOG signal and the EMG signal using the temporalis muscle of a user; by constructing a command system of various patterns; by directly analyzing the signals; by individually patterning the EMG signal and the EOG signal; by constructing the command patterns; and by patterning the various numbers of the commands. Therefore, the present invention can improve the reliability and the competiveness for a product and a system in an HCI field for the disabled people and the similar field with the HCI field."
95082546,6,0.600586,0,0,NOT_NOML,Zero-flux closed-loop circuit,"The invention relates to a zero-flux closed-loop circuit which comprises a self-oscillation fluxgate current sensor, a magnetic integrator and a feedback circuit. Wherein the self-oscillation fluxgate current sensor can generate a magnetic field signal under the action of excitation current, the magnetic integrator can generate a corresponding voltage signal according to the magnetic field signal, the feedback circuit can generate a feedback signal according to the magnetic field intensity corresponding to the voltage signal, and the feedback signal acts on the self-oscillation fluxgate current sensor. Therefore, the self-oscillation fluxgate current sensor adjusts the excitation current, thereby ensuring that the magnetic flux of a fluxgate of the self-oscillation fluxgate current sensor is kept near a zero magnetic flux point. Therefore, through the zero-magnetic-flux closed-loop circuit, the electrified current of the electrified wire can be detected in a zero-magnetic-flux environment, the influence of noise can be effectively reduced, the distortion degree of signals is reduced, and the precision of current detection is improved."
92600326,6,0.597656,0,0,NOT_NOML,Fault data processing method and system for eddy current self-driven voltage sag treatment device,"The invention provides a fault data processing method and system for an eddy current self-driven voltage sag treatment device, and relates to the technical field of voltage sag treatment, and the method comprises the steps: receiving sag fault data of a plurality of segmented branches; receiving historical working data of the plurality of eddy current self-driven voltage sag treatment devices; marking a plurality of abnormal subsection branches according to the sag fault data and the historical working data; counting each abnormal subsection branch, the corresponding abnormal voltage sag frequency and a plurality of abnormal voltage sag currents; and if the abnormal voltage sag frequency corresponding to the target abnormal subsection branch is greater than a preset abnormal frequency threshold, matching corresponding to-be-replaced device model information in a preset device model database based on a plurality of target abnormal voltage sag currents corresponding to the target abnormal subsection branch. According to the invention, the power utilization condition of the segmented branch is enhanced, and the adaptability between the power utilization condition and the model of the eddy current self-driven voltage sag treatment device is improved."
47071215,6,0.570312,0,0,NOT_NOML,PROSTHESIS ASSEMBLY,"The invention relates to a prosthesis assembly, comprising an outer stem (10) provided with a proximal opening (11), and at the distal end (12) thereof is provided with a connecting means (13) for fastening an additional component, and which is formed of a material that is rigid in the longitudinal extension thereof, in which at least one slit (14) extending at least partially in a longitudinal direction is inserted in order to allow deformation in a radial direction. The prosthesis assembly further comprises an inner stem (20) made of a flexible material and provided with a proximal opening (21), at least one tensioning device (30) that is affixed to the outer stem (10) and can be accessed by way of a diameter change of the outer stem (10). At least one electrode (40) is displaceably fastened to a side of the outer stem (10) that is facing the inner stem (20)."
76518080,6,0.569336,2,0,REL_NOML,Implantable pressure-controllable micro-balloon spinal nerve compression device for small animals,"The invention discloses an implantable pressure-controllable micro-balloon spinal nerve compression device for small animals. The implantable pressure-controllable micro-balloon spinal nerve compression device comprises a liquid containing balloon, a pressing plate, an extrusion screw, a nut sleeve and a balloon catheter which are arranged in a subcutaneous tissue. The implantable pressure-controllable micro-balloon spinal nerve compression device is characterized in that the pressing plate is arranged above the liquid containing balloon, the extrusion screw penetrates through dermal tissue from the outside of the skin to abut against the upper portion of the pressing plate, the nut sleeve is arranged in the dermal tissue and sleeves the extrusion screw, and the balloon catheter communicates with the liquid containing balloon through a liquid guide pipe to guide liquid; and a pressure gauge is further arranged at the liquid inlet portion of the balloon catheter. The device disclosed by the invention can be used for simulating spinal nerve compression injury in animal experiments, is convenient to operate and controllable in force, and can also detect pressure and improve the accuracy of the experiments."
86887349,6,0.566406,0,0,NOT_NOML,Uterine contraction information extraction method based on uterine electromyographic signals,"A uterine contraction information extraction method based on a uterine electromyographic signal comprises the steps that S1, the uterine electromyographic signal of a certain duration is collected through an electrode on the abdomen of a pregnant woman and converted into a digital signal; s2, preprocessing the uterus electromyographic signals; s3, segmenting the uterus electromyographic signals into a series of overlapped windows in a window sliding mode; s4, calculating a sample entropy SampEn and a zero-crossing rate ZC of each window; s5, normalizing the sample entropy sum and the zero-crossing rate value, and respectively performing weighted summation on the sample entropy and the zero-crossing rate of each window to obtain the uterine contraction intensity F of each window at the corresponding moment; and step S6, setting weight factors omega s and omega e of starting and ending of uterine contraction to detect starting and ending positions of the uterine contraction in the signal, and calculating occurrence frequency fc and average duration dc of the uterine contraction. According to the invention, more reliable uterine contraction information can be obtained by means of the uterus electromyographic signals collected noninvasively."
78719359,6,0.547363,2,0,REL_NOML,BIONIC EAR PROSTHESIS,"FIELD: medicine.SUBSTANCE: invention relates to medicine, namely to bionic ear prostheses. The prosthesis is made in the form of a silicone ear, corresponding to the shape of the patient’s auricle. The prosthesis contains a microphone, connecting tape wires for transmitting electrical signals and converted acoustic signals, a power source, a magnetic-vibration bone conduction transducer and a flexible microchip with an analog-to-digital converter, a digital-to-analog converter, a digital signal processor, a radio communication module and a programmable memory device. The power source is located in the silicone earlobe and is connected by connecting wires on one side with a microphone, and on the other side with a hybrid microchip. The microphone is located in the tragus of the silicone ear. The microchip is located in the antitragus of the silicone ear. The microchip is connected to a capacitor, which is located in the helix, by means of a ribbon conductor. The capacitor is connected to a resistor, which is located in Darwin’s hillock. The resistor is connected to a magnetic-vibration bone conduction transducer, which is located in the helical root and is fixed on a sound-conducting implant installed in the patient’s temporal bone.EFFECT: is achieved the possibility of correction hearing loss with an acoustic aid that works on the principle of bone conduction and is located in the prosthesis of the auricle without forming the auditory passage.1 cl, 1 dwg"
57276407,6,0.544434,0,0,NOT_NOML,CANNULA AND METHOD FOR CONTROLLING DEPTH DURING SURGICAL PROCEDURES,"A disc surgical system is provided having an elongated tubular member housing and an electrosurgical electrode for excising of or shrinking tissue. The instrument includes at least one cannula having an operative end for entering an operative field of a patient, at least one guide wire having a pointed end for piercing tissue, a tapered dilator configured to slide over a guide wire; and a trephine configured to slide over a guide wire. The operative end has threads on an exterior surface of the cannula for engagement with the tissue of the patient."
78682143,6,0.535645,0,0,NOT_NOML,Tumor treatment device based on multi-frequency electric field technology,"The invention provides a tumor treatment device based on a multi-frequency electric field technology. The tumor treatment device comprises a detection device used for detecting a tumor through a signal oscillation detection technology and obtaining a tumor waveform signal; frequency conversion equipment is used for performing electric field frequency analysis on the tumor waveform signal to obtain an analysis result, and performing frequency regulation and control on the tumor according to the analysis result to generate resonant frequency; feedback equipment is used for judging the tumor pre-foaming probabilities of different tissues according to the resonance frequency; according to the method, tumor cells are comprehensively detected, the comprehensiveness of data is maximally guaranteed, the accuracy of tumor cell treatment is enhanced through the electric field frequency analysis, meanwhile, the treatment efficiency is improved, the tumor cells are predicted and treated, and the safety of cells is greatly improved."
56129109,6,0.527832,0,0,NOT_NOML,Electrical Cell-substrate Impedance Sensor (ECIS),An electrical cell-substrate impedance sensor (ECIS) includes a substrate; a catalyst layer formed on the substrate; and a plurality of nanowire electrodes array grown on the catalyst layer. The plurality of nanowire electrodes are configured to measure an electrical response of a biological cell.
95132680,6,0.527832,0,1,NOT_ML,Ellipsoidal fitting online magnetism correction method and device based on function type link neural network,"The invention provides an ellipsoid fitting online magnetism correction method based on a function type link neural network. The ellipsoid fitting online magnetism correction method comprises the following steps: S1, establishing a magnetism correction model; s2, calculating a magnetism correction matrix of the magnetism correction model by adopting an ellipsoid fitting method; s3, constructing a function type link neural network; s4, obtaining an ellipsoid fitting equation by using an ellipsoid fitting method based on the function type link neural network, and calculating through the ellipsoid fitting equation to obtain a corrected magnetism correction matrix; according to the method, an ellipsoid fitting method is adopted to calculate a magnetism correction matrix, a function type link neural network is used to realize online updating of the magnetism correction matrix, assistance of other sensors is not needed, independent magnetism correction can be carried out, and thus the problem that measurement noise is introduced by other sensors is avoided; an online magnetism correction scheme based on a function type link neural network is adopted, and a magnetism correction matrix is obtained through continuous iteration and optimization, so that the complicated process of manual magnetism correction in the using process is avoided, meanwhile, the operand can be greatly reduced, and the operation burden of a processing chip is reduced."
70618151,6,0.522949,0,0,NOT_NOML,Electrocardiogram lead wire and electrocardiogram signal detection device,"The invention relates to an electrocardiogram lead wire and an electrocardiogram signal acquisition device. The electrocardiogram lead wire includes an electrode clamp and a cable; and the cable is electrically connected to the electrode clamp and wound to form at least two coils, and the winding direction of at least one coil is opposite with the winding directions of the other coils. As the winding direction of at least one coil is opposite with the winding directions of the other coils, the directions of the distribution of induced magnetic fields generated by induced current are opposite,and the mutual inductance magnetic fields between the coils in different winding directions can counteract partial induced magnetic fields generated by the electrocardiogram lead wire so as to make the induced magnetic fields smaller, so that the induced current can be inhibited, and noise signals caused by gradient magnetic fields can be eliminated."
62840990,6,0.52002,0,0,NOT_NOML,Pixel architecture and driving scheme for biometric sensing,"Embodiments herein describe an input device that includes a rectangular array of sensor electrodes connected to sensor modules that measure capacitive sensing signals corresponding to the electrodes. During a charge stage, the input device applies a charging voltage to neighboring sensor electrodes in the array. The input device then drives the neighboring sensor electrodes to a reference voltage and measures the amount of charge accumulated on at least one of the sensor electrodes. Because of the parasitic capacitance between the neighboring electrodes, driving these electrodes (even the ones not being measured) to the same charging and reference voltages reduces the effect of the parasitic capacitance on the capacitive sensing measurement. Thus, during the read stage, the measured charge is affected primarily by the capacitance between the sensor electrodes and an input object (e.g., a finger)."
78220983,6,0.51123,0,0,NOT_NOML,Dual-threaded tensioning mechanism for bipolar pencil,"An electrode assembly for an electrosurgical pencil includes an insulative core configured to support an active wire around a peripheral surface thereof and a ground electrode coupled about the insulative core and adapted for insertion within an electrosurgical pencil. A hypotube is disposed between the ground electrode and the active pin and encapsulates the active pin to insulate the active pin from the ground electrode. An active pin is included that is adapted for insertion within the pencil and has a tensioning assembly including: a set screw with threads that engage grooves of the active pin such that, upon rotation, the set screw advances to secure the active wire within the active pin; and a nut is fixed within the hypotube that includes grooves that engage threads of the active pin such that, upon rotation, the active pin translates proximally to tension the active wire about the insulative core."
57061702,6,0.510254,0,0,NOT_NOML,Simple and easy locking front electrode fixing device that leads that takes off,"The utility model relates to a simple and easy locking front electrode fixing device that leads that takes off, including fixed bolster, elastic cord and electrode slice the fixed bolster on the installation have several elastic cords, forming the interval between two adjacent elastic cords, and following the mutual parallel arrangement of length direction of fixed bolster, the one end of each elastic cord is fixed on the fixed bolster, and the other end is the free end, detains through the primary and secondary and installs on the fixed bolster, the electrode slice on be provided with two slot holes, the free end of each elastic cord passes two slot holes in proper order, installs the electrode slice on the elastic cord, this electrode slice is described for the protuberantia with the contact surface of skin, the electrode slice on still be provided with the adapter. The utility model has the advantages that: each electrode atress is even, not influenced by external force, has prevented various interference, and it is clear to trace heart electrograph wave form, it is easy and simple to handle not loaded down with trivial details, practice thrift inspection time, the elastic cord can use repeatedly, does not additionally add patient's laboratory fee and uses."
54700400,6,0.509277,0,0,NOT_NOML,Method and Apparatus for Automated Detection of Suppression of TEOAE by Contralateral Acoustic Stimulation,A method of generating and measuring transiently evoked otoacoustic emissions (TEOAE) acoustic signals generated in the cochlea using automated detection to determine contralateral suppression of TEOAE via statistical analysis of suppressed and unsuppressed responses.
61074466,6,0.503418,0,0,NOT_NOML,COMPOSITIONS AND METHODS FOR TREATING SEIZURE DISORDERS,"Functional analogs of fenfluramine are provided. The subject fenfluramine functional analogs find use in the treatment of a variety of diseases. For example, methods of treating epilepsy by administering a fenfluramine analog to a subject in need thereof are provided. Also provided are methods of treating a neurodegenerative disease in a subject in need thereof. Pharmaceutical compositions for use in practicing the subject methods are also provided."
70849299,7,0.949219,2,0,REL_NOML,SYSTEMS AND METHODS FOR CONDUCTING NEURAL PROCESS-BASED TRANSACTIONS,"Systems and methods for conducting neural process-based transactions are disclosed. According to one embodiment, a system for conducting a neural-based transaction may include a brainwave sensing device that detects brainwave activity for a user; a point of transaction comprising a point of transaction computer processor in communication with the brainwave sensing device; and a back end comprising a back end computer processor that is in communication with the point of transaction. The brainwave sensing device may sense brainwave activity for the user. The back end may receive the brainwave activity sensed by the brainwave sensing device, and may identify an action associated with the brainwave activity. The back end may then communicate the activity to the point of transaction, which may execute the action."
52057068,7,0.946289,2,0,REL_NOML,Transcuataneous electrical nerve stimulation device,"A transcuataneous electrical nerve stimulation device is disclosed, a paste and contact device can be connected with the transcuataneous electrical nerve stimulation device in a plugged manner, the transcuataneous electrical nerve stimulation device supplied an electric current to the paste and contact device, and the paste and contact device comprises a plurality of electrode paste sheets and two electrode probe rods. The transcuataneous electrical nerve stimulation device comprises a vacuum shell body unit, a power source unit arranged in the shell body unit, a plurality of output units that are arranged in the shell body unit at intervals and a control unit electrically connected with the output units, wherein the power source unit is used for providing a power source, the plurality of output units are electrically connected with the power source unit, and the control unit is arranged to penetrate the shell body unit. The control unit comprises a plurality of strength adjusting press buttons that are respectively electrically connected with the output units, each strength adjusting press button can control the current strength of each output unit, adjustment can be made by a user according to requirements of different affected parts, and convenience of operation can be improved."
50237779,7,0.944336,2,0,REL_NOML,BRIAN COOLING SYSTEM,"A clinical grid electrode system for seizure control through local cooling, mapping brain function and me provision of reversible functional ablation. The system includes a modular, scalable, cooling and sensing array composed of a plurality of cooling sensing elements. The system also includes a control system to which die cooling and sensing array is coupled for providing for control and monitoring of die cooling sensing elements making up the cooling and sensing array."
88484277,7,0.943848,2,0,REL_NOML,EEG data correction method and system based on RSVP in simulation environment,"The invention relates to an electroencephalogram data correction method and system based on RSVP in a simulation environment. The method comprises the following steps: extracting key video data acquired by a video acquisition device within a preset time period when a tag trigger signal is sent, determining a real moment when a human eye watches a target image according to eye movement data and the key video data, updating a moment when the tag trigger signal is sent to the real moment, and further correcting an electroencephalogram trigger tag. And the problem of inaccurate electroencephalogram data marking is avoided."
71369363,7,0.939453,2,0,REL_NOML,"Intraoperative nerve electrophysiology monitoring, identifying and examining system","The utility model discloses an intraoperative nerve electrophysiology monitoring, recognizing and examining system which comprises a head probe electrode, a limb probe electrode and a monitoring and early warning instrument. The monitoring and early warning instrument comprises an electrode jack, a neuroelectric signal collector, a high-pass filter, a signal converter, a signal processor, a voiceprompter, a display screen, a data memory, an operation keyboard, a recognition and assessment key, a power supply assembly and a power plug. According to the utility model, the problems that the judgment process of a professional technician is difficult to coordinate with the operation process of a surgeon and an accurate signal and an interference signal in the monitoring process are difficult to distinguish timely and accurately are solved, and meanwhile, a practice technician can quickly accumulate experience and improve the accuracy of monitoring, identifying and judging under the condition of not participating in an operation."
75688525,7,0.938965,2,1,REL_ML,EPILEPTIC SEIZURE DETECTION WITH EEG PREPROCESSING,Methods and systems for detecting seizures include generating two-dimensional frames that each include a first set of elements that store measurements from sensors and a second set of elements that store values calculated from said measurements. The two-dimensional frames are classified using a machine learning model. It is determined that a subject experienced a seizure during a measurement interval based on an output of the machine learning model. A corrective action is performed responsive to the determination that the subject experienced a seizure.
60783816,7,0.937012,2,0,REL_NOML,NEURAL ELECTRODE BASED ON THREE-DIMENSIONAL POROUS GRAPHENE MATERIAL AND APPLICATIONS OF THREE-DIMENSIONAL POROUS GRAPHENE MATERIAL IN PREPARATION OF BONE DEFECT FILLER,"A neural electrode comprises a current generation device (1), a first electrode (3), and a second electrode (4). The current generation device (1) is separately connected to the first electrode (3) and the second electrode (4) by means of conductive metal wires (2), and at least one of the first electrode (3) and the second electrode (4) is a graphene electrode. The graphene electrode is soft, has good stability, and can be repeatedly pressed and folded, and has a very high charge injection efficiency, is used for carrying out electrical stimulation on a heart, a nerve and other tissues and organs, can promote electrical stimulation recovery of nerve cells and thus promote the recovery of nerve functions, and has a good stability in the body. Applications of a mineralized three-dimensional porous graphene material in the preparation of a bone defect filler, and the bone defect filler. The bone defect filler has good biocompatibility, promotes cell proliferation, and increases and induces osteogenic differentiation. The mineralized three-dimensional porous graphene material is put into a solution and is cooled and then is cut into mineralized three-dimensional porous graphene sheets, and a bone defect filler can be obtained after the mineralized three-dimensional porous graphene sheets are dried and sterilized."
22866200,7,0.93457,0,0,NOT_NOML,METHOD AND APPARATUS FOR STIMULATION OF BODY TISSUE,"A system and method for the controlled stimulation of body tissue. The system includes a transmitter, arranged externally to the body, and a receiver implanted within the body and electrically coupled to the tissue to be stimulated. The transmitter is operative to generate a series of radio-frequency energy pulses, each of a prescribed duration. The receiver functions to detect these energy pulses and, in response to the receipt of each energy pulse, to apply at least one electrical pulse of prescribed amplitude and fixed duration to the body tissue. The duration of the radio-frequency energy pulses determines the amplitude of the electrical pulses applied to the tissue. These electrical pulses are preferably produced as pulses of constant current so that the current flow in the body tissue will be independent of the tissue resistance. In addition, these electrical pulses are preferably produced with alternating polarity so as to minimize the possibility of tissue damage."
60495816,7,0.932129,2,0,REL_NOML,Concentration and blinking action extracting device and method,"The invention discloses a concentration and blinking action extracting device and a concentration and blinking action extracting method. The method includes steps of acquiring data packets of electroencephalogram information collected by a dry electrode and a reference electrode; there are multiple data packets; extracting the blinking action according to the electroencephalogram information; confirming a reference verification sum of a first data packet, and calculating to obtain the calculation verification sum according to the first data packet; judging if the calculation vibration sum is equal to the reference verification sum to obtain a first judging result; if the first judging result is that the calculation verification sum is equal to the reference verification sum, calculating to obtain original data according to a character string of the first data packet; extracting the concentration according to the original data; if the first judging result is expressed as that the calculation verification sum is not equal to the reference verification, extracting the reference verification sum of the next data packet. By adopting the extracting device or method disclosed in the invention, the concentration and blinking action can be rapidly extracted, and the cost for the extracting device is reduced."
9511932,7,0.931641,2,0,REL_NOML,Psychotherapy appts. for treatment of patient's brain,"The display screen enables viewing of sync. of activity within left and right sides of brain. The psychotherapy equipment includes a set of stereo headphones (4,5) for applying stereo sound signals through left and right hand channels (6,7) to the patient. The signals have different and specific frequencies. Sensors (10,11,12,13) are attached to the patient's head to receive continuously activity signals representing the activity within respective hemispheres of the brain. Information derived from these sensors is used to control a display (16,17). A microphone and input circuit (9,8) is provided to enable application of additional sound signals to the patient's headphones, for superposition on the initial sound signals, according to the images displayed on the screen."
71964807,7,0.925781,2,0,REL_NOML,Cerebrovascular observation abnormity alarm device,"The utility model relates to a cerebrovascular observation abnormity alarm device. The utility model belongs to the technical field of medical auxiliary detection equipment. Cap comprising a cap body,the cap body is in a hemispherical shell shape. A circular hole is formed in the top; the cap body is fixedly connected with a detection device. A control device is fixedly connected to the side wallof the cap body; a power supply device for supplying power to the control device is fixedly connected to the side wall, away from the control device, of the helmet body, the detection device is electrically connected with the control device, the control device comprises an information storage unit, an information processing unit and an alarm unit, and two ear hanging rings are arranged on the side wall, perpendicular to the connecting line of the control device and the power supply device, of the helmet body; the alarm device is worn on the head of a patient, the detection device feeds back detected brain wave signals to the control device, the control device processes the signals and compares the signals with stored standard information, and when it is detected that the brain wave information exceeds the range of the standard information, the alarm unit responds to alarm."
36079415,7,0.919922,2,0,REL_NOML,Health-caring and therapeutic device controlled by brain wave signal,"The invention relates to a computer control apparatus, especially relates to a computer control apparatus which bases on real time acquisition brain electrical signal, for more specific, this is an apparatus uses attribute data of the brain electrical signal which is extracted from processed, analyzed, calculated real time acquisition brain electrical signal as judgments criterion, and comparing with a plurality of attribute data of the brain electrical signal which is preset in the storage of the computer, and selecting the corresponding or resemblance data, and then triggering control instruction specified by the data, and driving and controlling corresponding apparatus to work in different mode of operation 0 Apparatus suited to the control mode are rapid learning apparatus, health rehabilitation apparatus, physics treat apparatus and so on."
26272848,7,0.918457,2,0,REL_NOML,Electro-convulsive treatment apparatus,"An apparatus for electro-convulsive treatment has means for supplying pulses of current to output terminals P1, P2. An indicator M3 (Fig. 4) indicates the peak current passed during the treatment, the current being sensed at a resistor R1 also used to sense the peak voltage and charge supplied to the patient, voltage and charge being shown on further indicators M2, M4 (Fig. 4). A digital meter may indicate current and voltage and can be used ratiometrically to indicate patient resistance. A capacitor C2 is first charged and then discharged through the patient via a transistor T3 controlled by a circuit CC (Fig. 2) which gives a predetermined number of high current pulses followed by pulses of lower current. Pulse width rate and current amplitude are independently adjustable for both the high and low current pulses. Commutating transistors T4 to T7 controlled by circuit CM allow choice of various unipolar or biphasic pulse outputs, Figs. 3C to 3F. The charge supplied to the patient may be monitored during only the high current pulses (Fig. 5). Meter M1 across capacitor C2 may be calibrated in terms of charge, so that the charge in its reading indicates charge supplied. By monitoring the voltage on capacitor C2 or the signal of charge meter M4, supply of pulses may be stopped automatically when the patient has received a predetermined charge (Fig. 6). The output circuit may be modified to act as a constant current source for certain levels of patient resistance. Transistor T3 to T7 are controlled via opto- isolators I3 to I7. <IMAGE>"
35394688,7,0.913574,2,0,REL_NOML,COCHLEAR STIMULATION DEVICE,"A cochlear implant system is provided that does not require a headpiece. Rather, the external coil used to transfer power and data and control signal to the implant device is integrated into the housing of the external processor. In one embodiment, where the external processor is carried within a behind-the-ear (BTE) module that is worn by a user of the cochlear implant system, the external coil is carried within the BTE module or housing, or formed as part of the ear hook used to hold the BTE module in place. Because the external transfer coil forms an integral part of the external portion of the system, the present invention does not require the use of an implanted magnet. Hence, the cochlear implant system can be described as headpieceless and magnetless (e.g., including a single external device)."
42337509,7,0.909668,0,0,NOT_NOML,Coordinating System Responses Based on an Operator's Cognitive Response to a Relevant Stimulus and to the Position of the Stimulus in the Operator's Field of View,"Neurophysiological responses such as EEG signals of brainwave activity, dilation signals of pupillary response, dwell time signals of eye movement and imaging signals of vascular response are monitored as a correlate of the operator's cognitive response. These responses are processed to determine if there is a significant cognitive response to a stimulus (visual or non-visual) to generate a positive cue. The operator's eye movement is monitored to determine when the operator fixates on the stimulus and the position of the stimulus in the operator's field-of view (FOV). The positive cue and position of the stimulus, and typically the time-stamp of the cue are output triggering a system response. The temporal sequence of cues and stimulus position may be processed to reinforce or reject the cue or refine the stimulus position."
67279060,7,0.901855,2,1,REL_ML,Emotion classifying method based on facial expression and EEG,"The invention relates to an emotion classifying method based on facial expression and EEG, and belongs to the technical field of pattern identification. The emotion classifying method comprises the steps of firstly synchronously collecting facial expression and electroencephalogram (EEG) data, then cutting off EEG data implying emotion information through the change information of the facial expression, and finally performing emotion classification through EEG information after treatment with an emotion classifying algorithm. Compared with an emotion calculating method which is frequently usedat present, the emotion classifying method based on facial expression and EEG provided by the invention has the advantages that facial expression identification is additionally performed in the emotion classifying process to pretreat the EEG data, and emotion components in the EEG data are improved, so that the emotion classifying accuracy rate is increased."
39523788,7,0.88916,0,0,NOT_NOML,Heart stimulator,"A heart stimulator provides a reliable automatic capture threshold search feature. A stimulation pulse generator is connected to at least a ventricular stimulation electrode for delivering electric stimulation pulses to at least the ventricle of the heart. The stimulation pulses generated have a strength depending on a control signal. A sensing stage is connected to an electrode for picking up electric potentials inside at least said ventricle of a heart and a control unit connected to the sensing stage and to the stimulation pulse generator determines points of time for scheduling stimulation pulses, to trigger the stimulation pulse generator so as to deliver a stimulation pulse when scheduled and to put out control signals for controlling the strength of the stimulation pulse. The control unit is further adapted to perform a capture analysis which may take into account extraordinary events."
80527965,7,0.887695,2,0,REL_NOML,Gel electrode,"The utility model discloses a gel electrode, which comprises a gel main body and a porous support structure used for carrying the gel main body, the gel electrode has the advantages that the porous support structure is additionally arranged in the gel main body, so that the gel electrode has the properties of stronger mechanical property, high elasticity, softness, flexibility and stable performance; meanwhile, the advantages of low impedance and high signal-to-noise ratio are achieved; and the gel electrode is environment-friendly and sanitary, is comfortable to wear, and can be used for quickly collecting electroencephalogram without residues."
59088577,7,0.881348,0,0,NOT_NOML,Sensorimotor discs for infants and babies,"In one example, we describe a method and system for infant's development, which is a disc system, with various combinations and extensions. The brain is the only organ that constantly reorganizes itself based on experiences or lack thereof. Babies are born with millions of neurons. Through a process called “pruning”, certain ‘circuits’ are fine-tuned through repeated practice and stimulation. This occurs from birth, throughout early childhood. The purpose of the SensiMo Disc is to provide an infant, e.g., typically, up to the 25 lbs. and/or 29 inches long, sensorimotor stimulation, while lying in a prone or supine position, with minimal active movement of the head or extremities. As the child lays supine or proneon, on the SensiMo disc, the child's tactile, vestibular, and proprioceptive systems are stimulated. This helps develop the child's sensorimotor system. Many other variations and combinations, plus advantages, are discussed."
76671391,7,0.881348,0,1,NOT_ML,Multi-lead electrocardiosignal classification method based on convolutional neural network,"The invention discloses a multi-lead electrocardiosignal classification method based on a convolutional neural network. The multi-lead electrocardiosignal classification method comprises the following steps: (1) acquiring a Chinese cardiovascular disease database CCDD and carrying out data preprocessing; (2) constructing a convolutional neural network that comprises two important components including global feature extraction and local feature extraction, wherein the global feature extraction part fuses the multi-lead electrocardiosignals by using different convolution kernels in different modes, and in the local feature extraction part, different importance of different lead electrocardiosignals on classification tasks is learned by using an attention network; (3) training the model and optimizing hyper-parameters; and (4) evaluating the performance of the model by using the test data set, and judging the classification accuracy. According to the multi-lead electrocardiosignal classification method based on the convolutional neural network, different importance of different leads is learned, electrocardiosignals of different leads are effectively fused, the classification accuracy is improved, and diagnosis of doctors is effectively assisted."
37453851,7,0.877441,2,0,REL_NOML,Communication protocol for implantable mircro-electrical stimulations system,"The invention relates to a communication protocol for implantable micro-stimulation system. The communication protocol of the invention comprises at least one synchronization package, a start-up packet and at least one data frame. The synchronization package is used to enable a synchronization state of the implantable micro-stimulation system. The start-up package connects behind the synchronization package, and is used to enable a read state of the implantable micro-stimulation system. The data frame connects behind the start-up package, and comprises a plurality of items. Each item has at least one bit, and is used to control the implantable micro-stimulation system. The communication protocol of the invention follows the RS232 format to implement control functions. By the communication protocol, the implantable micro-stimulation system can transmit instructions outside the bio-tissue by the radio frequency signals, and generate corresponding electrical stimulation instruction inside the bio-tissue."
63039361,7,0.870605,2,1,REL_ML,SYSTEM AND METHOD FOR MEASURING PERCEPTUAL EXPERIENCES,"There is provided a method for determining perceptual experiences. The method comprises obtaining a plurality of signals acquired by a measurement device comprising a plurality of sensors positioned to measure brain activity of users being measured by the measurement device; providing the plurality of signals, without pre-processing, to a processing system comprising at least one deep learning module, the at least one deep learning module being configured to process the signals to generate at least one capability, wherein combinations of one or more of the at least one capability form the perceptual experiences; and providing an output corresponding to a combination of one or more of the at least one capability to an application utilizing the corresponding perceptual experience."
4894517,7,0.856445,2,0,REL_NOML,SLEEPY ELECTROENCEPHALOGRAM MONITOR,"The utility model provides a drowse electroencephalogram monitor, which can detect whether a user enters drowse state by testing a human body's brain waves, and comprises, a drowse signal pickup device and an alarm device. The utility model is characterized in that the drowse signal pickup device comprises a detector, a pre-amplifier, a low pass filter, an amplifier, a pedestal generator, a comparator, and a delayer. Various additional devices which are controlled by the drowse monitor and are selected according to requirements can be arranged on the output end of the delayer, such as a refrigerating device which can lead the human body to be awaked from drowse state, an automobile brake device which is connected with the automobile brake pedal, a power cutoff device which leads a machine to stop, etc."
74505867,7,0.856445,0,0,NOT_NOML,METHOD FOR ELECTRIC PULSE TREATMENT OF BIOLOGICAL STRUCTURES,"The method for electric pulse treatment of the biological structures comprises the use of pulse current, the use of computer simulated multilevel amplitude and frequency-time modulation , the combination of the heterogeneous and homogenous pulses of low and medium frequency currents with the output signals of the precision digital-analogue stepless generation of the specified shape, namely mono- and bipolar rectangular, delta-shaped, exponential, sinusoid, H- and M-type, trapezoid, triangular pulses as well as the pulses of the natural biopotentials of biological systems. Furthermore, the method comprises plotting the hierarchy of the linearity segments, the reiteration cycles and the hierarchy of the encircling lines, the simulation of current amplitude and the stochastic level of the heterogeneous currents, the use of 1-4 galvanically separated channels of the independent generation of output signal, the use of the interchannel correlation according to the preset algorithm, biocontrol, and biosynchronization."
47178872,7,0.854492,0,0,NOT_NOML,INTERFACE MODULE ALLOWING DELIVERY OF TISSUE STIMULATION AND ELECTROSURGERY THROUGH A COMMON SURGICAL INSTRUMENT,"Concepts presented herein relate to an interface module that can be electrically coupled to an electrical stimulation generator, a radio frequency generator and an instrument. A selection module is coupled to the interface module and operates in a first mode to deliver electrical stimulation signals from the electrical stimulation generator to the instrument and in a second mode to deliver radio frequency signals from the radio frequency generator to the instrument."
93066378,7,0.853516,2,1,REL_ML,Method for realizing hand fine motion motor imagery through electroencephalogram and picture joint coding,"The invention provides a method for realizing hand fine motion motor imagery through electroencephalogram and picture joint coding, which comprises the following steps of: presetting an electroencephalogram pre-training model, training and analyzing the attention of a user in a video watching period, obtaining a target image corresponding to a target object expected to be captured by the user, and extracting an embedded vector of the target image; collecting an electroencephalogram signal when a user imaginates to grab a target object by adopting multiple preset hand fine actions during watching a video, and encoding the electroencephalogram signal through a trained electroencephalogram encoder in the electroencephalogram pre-training model to obtain an embedded vector of the electroencephalogram signal; and splicing the embedded vectors corresponding to the target image and the electroencephalogram signals, decoding the electroencephalogram signals facing a plurality of preset hand fine actions, and directly mapping the hand fine action motor imagery to the five-finger dexterous hand. The five-finger dexterous hand is used for decoding hand fine motion motor imagery based on a non-invasive brain-computer interface technology to help a user with a damaged function to freely control the five-finger dexterous hand to grab an object."
93749320,7,0.852539,2,0,REL_NOML,Transcranial ultrasonic integrated device,"The invention belongs to the technical field of medical instruments, and discloses a transcranial ultrasonic integrated device which comprises a head device and a main control device. The head device comprises an ultrasonic multi-array element array combination; the ultrasonic multi-array-element array combination comprises a plurality of integrated units, each integrated unit comprises a single-array-element transducer and a magnetic resonance coil, and the magnetic resonance coil is arranged on the outer side of the single-array-element transducer in a surrounding mode; the main control device comprises an ultrasonic system, an MRI system and a data operation system; the data operation system is in communication connection with the ultrasonic system and the MRI system; the ultrasonic multi-array-element array combination is in communication connection with the ultrasonic system and the magnetic resonance graphic processing system. By combining magnetic resonance imaging and transcranial ultrasound, the focus can be accurately imaged, and the ultrasound can accurately select a combination mode of a single array element array according to magnetic resonance image guidance, so that a focal region is accurately positioned to the focus of brain tissue."
93257300,7,0.849609,2,0,REL_NOML,"FULLY IMPLANTABLE SPEECH NEUROPROSTHESIS DEVICE, SYSTEM AND METHODS FOR USING SAME","Fully implantable speech neuroprosthesis devices and systems are provided. Aspects of the present invention include an in vivo positionable device, comprising: a housing, a first component extending from the housing in a first plane and a second component extending from the housing in a second plane parallel to the first plane, wherein the first plane and the second plane are non-overlapping. Further aspects of the present invention include a detection system, comprising: an in vivo positionable sensor comprising a device according to the present disclosure and an ex vivo power supply unit connectable to the sensor. Still further aspects of the present invention include an in vivo positionable sensor comprising a device according to the present disclosure and an ex vivo receiver unit operably connected to the sensor. Also provided are methods for using devices and systems of the present invention, such as in connection with speech decoding and/or synthesis."
38779669,7,0.84668,0,0,NOT_NOML,Electromedical implant,"The device (20`) has an external transceiver device (10) transmitting and receiving wirelessly transmitted data e.g. technical data. A waking unit switches the transceiver device from a turned-off state into a fully operational state by a waking signal. A waking control unit outputs the waking signal to the transceiver device, if a low-power receiver outputs a sequence of output signals, which identifies that the low-power receiver has detected a series of transmissions of sufficient signal strength in various frequency ranges."
53698693,7,0.845703,2,0,REL_NOML,Electrode cap,"The utility model discloses an electrode cap belongs to the electrode field of specially adapted for EEG art, the cap body including the elasticity material, a plurality of electrode locating holes is provided on the cap body, electrode locating installs the conducting rod in the hole, said conducting rod passes said electrode locating hole, the one end of conducting rod be equipped with the electrode. The utility model discloses aim at provides an electrode cap to effective consumption and effective reduction that reduces electrically conductive gel detects consuming timely."
54850165,7,0.845703,0,0,NOT_NOML,METHOD AND DEVICE FOR BIOELECTRIC PHYSIOLOGICAL SIGNAL ACQUISITION AND PROCESSING,"A method for bioelectric physiological signal acquisition and processing comprising: - a first signal processing operation comprising: /a/ acquiring a first analog signal, /b/ converting the first analog signal in a first digital signal with a first bit depth, /c/ transferring the first digital signal with the first bit depth to a microprocessor; - upon reception of a signal to switch from a first operating mode to a second operating mode, a second signal processing operation comprising: /e/ acquiring a second analog signal, /f/ converting the second analog signal in a second digital signal with a first bit depth, /g/ converting the second digital signal with the first bit depth to a converted second digital signal with a second bit depth, /h/ transferring the converted second digital signal to the microprocessor, and /i/ processing the transferred signal on the microprocessor."
94059156,7,0.84375,2,1,REL_ML,Method for fMRI data embedding and pattern recognition based on attention mechanism,"The invention discloses an attention mechanism-based fMRI data embedding and pattern recognition method. The method comprises the following steps of: acquiring fMRI data, MRI data and field domain information of predetermined different types of crowds; calibrating the fMRI data through the field domain information; registering the calibrated fMRI data to the MRI data; performing brain partitioning on the registered data to obtain 360 brain sub-regions; performing data recombination on the partitioned data; and inputting the recombined data into the attention network for pattern recognition. According to the fMRI data embedding and pattern recognition method based on the attention mechanism, fMRI time sequences are recombined and put into a network with the attention mechanism, and multi-classification of brain patterns is achieved."
89511368,7,0.841797,0,1,NOT_ML,"System, apparatus and method for spiking neural network","Systems and associated methods for constructing neural networks (NN) without the benefit of predefined output spike times or predefined network architecture. Functions are constructed from other functions determined from an input construction training set of output variable type. Method aspects of the neural network modeler may comprise partitioning the construction training set, representing the partitions, restricting the representations, constructing subfunctions from the restrictions, and combining the subfunctions to model the target function. Specifically, subfunctions represented from partition-specific neural networks of output value type are created using two fundamental composition operations: same-constant composition and different-constants composition. Different choices of weights and delays lead to different NNs with different output spikes that implement the same function."
48540922,7,0.838379,2,0,REL_NOML,Method for generating diaphragm rehabilitation stimulation signal and diaphragm functional rehabilitative apparatus,"The invention discloses a method for generating a diaphragm rehabilitation stimulation signal, and the stimulation signal is generated by modulating a signal source which is generated by a computer-based controller through a stimulation signal modulation circuit, and the method comprises the following steps of a, generating two circuits of pulse sequences with adjustable width and period through the computer-based controller, and outputting one circuit of control pulse to an analog/digital conversion circuit module in the stimulation signal modulation circuit; b, modulating the two circuits of pulse sequences with the adjustable width and period into one circuit of digital pulse after the AND operation, and controlling the digital/analog conversion circuit module to output one circuit of analog signal with variable amplitude through the control pulse; c, modulating the analog signal to one circuit of envelop signal for simulating a respiration process by adopting the digital pulse through the control circuit; and d, amplifying the envelop signal for simulating the respiration process to generate a diaphragm rehabilitation stimulation signal. The invention also discloses a diaphragm functional rehabilitative apparatus based on the method. The method and the apparatus have the characteristics that the stimulation signal for simulating the natural discharge of the diaphragm nerves is generated by setting the pulse parameters, so that the damage of the stimulation signal on the diaphragm can be avoided, safety and convenience in use can be realized, and the circuit structure is simple."
24324616,7,0.833984,2,0,REL_NOML,Transcutaneous nerve stimulator device and method,"A transcutaneous nerve stimulator as disclosed that is useful for suppression of organic pain. The stimulator device is relatively small in overall dimensions and is therefore portable yet provides a rectangular waveform with the output signal produced being sufficient to drive a capacitive resistance load of at least 2.2K ohms in parallel with 0.1Mfd with a maximum rise and fall time of 12 microseconds. The device is powered by a pair of NI-CD batteries providing a 2.5 volt input and produces a maximum 80 volt peak pulse output having a maximum duration of .10 milliseconds at a pulse rate between 20pps and 180pps. Potentiometers are provided to vary the pulse rate, the duty cycle, and output pulse amplitude as is necessary or desirable for a particular patient. The device includes an oscillator that controls the pulse rate of the output from a variable one-shot multivibrator with the output pulses from the multivibrator being coupled through a power amplifier to the primary winding of a step-up transformer, the secondary winding of which transformer is connected through a voltage clamp and variable I.E. mode circuit to the output leads from the device. The disclosed method includes generating a rectangular waveform and producing an output that is sufficient to drive a capacitive resistance load of at least 2.2K ohms in parallel with 0.1Mfd with a maximum rise and fall time of 12 microseconds."
17968356,7,0.833008,0,0,NOT_NOML,HIGH FREQUENCY ELECTRIC TREATMENT APPARATUS FOR MEDICAL USE,"PROBLEM TO BE SOLVED: To ease the concentration of current density on a second electrode by a method where a second electrode is provided at a far end of a catheter tube while a snare-shaped first electrode is mounted free to advance or retract at the position and an auxiliary electrode allowed to contact the outside of the body of a patient is connected to electric wiring for electrically energizing the second electrode. SOLUTION: A bipolar snare as a high frequency electric treatment apparatus 10 for medial use has a catheter tube 16 and a tip chip 18 bonded at the distal end of the tube 16. In the tip chip 18, a pair of lumens 20 and 22 is formed parallel at a specified interval and a loop shaped electroconductive filament 26 as snare-shaped first electrode 24 is inserted through the lumens 20 and 22. Also in the tip chip 18, a second electrode is formed at the distal end face thereof and connected to the distal end part of a coil-shaped wire 41. The coil- shaped wire 41 is connected to a high frequency power source 47 through electric wiring 4 while being connected to a ring-shaped auxiliary electrode 52 put through a finger of a patient through an auxiliary code 50."
17247537,7,0.82666,0,0,NOT_NOML,ELECTRODE FOR STIMULATING INTERIOR OF ORGANISM,"PURPOSE:To eliminate a need to execute binding by means of an absorptive thread during operation and to shorten an operation time by a method wherein an electrode for stimulating the interior of an organism is formed with a needle and an insulation- covered conductor, the conductor in the vicinity of the needle has a structure where it is not insulation-covered, and the adsorptive thread is fixed in a position in the vicinity of the base part of the needle. CONSTITUTION:An electrode for stimulating the interior of an organism is formed with a needle 1 and a conductor 2 insulationcovered at 3 and has structure in which the conductor 2 in the vicinity of the needle 1 is not insulation-covered in order to make contact with an organism. The electrode has the needle 1 to the vicinity of which an absorptive thread 5 is secured. Approximately the 2-10 absorptive threads are preferably fixed in a skirtform shape in a manner to be against the pull-off direction thereof. Since the conductor is usually manufactured by twisting a plurality of metallic fine wires, only by locking the absorptive threads in a dogleg shape in a manner to extend the thread through the twisted wires, the adsorptive threads can be sufficiently fixed to the conductor. The length of the adsorptive thread and the length of the skirt of the skirtform part may have size enough for prevention of slip off of the electrode from an organism, and usually length of 10-30mm is enough."
52324211,7,0.824219,2,0,REL_NOML,Portable motor nerve stimulator,"The utility model provides a portable motor nerve stimulator comprising a power supply, a first voltage generation circuit and a second voltage generation circuit; input ends of the first and second voltage generation circuits are connected with the power supply; output ends of the first and second voltage generation circuits are respectively connected with first and second emitter electrodes. The portable motor nerve stimulator can effectively stimulate affected part nerves through voltage, is simple and convenient in operation step, thus providing convenience for patients unable to move freely."
48175455,7,0.8125,2,1,REL_ML,APPARATUS AND METHOD FOR CONTROLLING LED EMOTIONAL LIGHTING BASED ON FUNCTIONAL MAGNETIC RESONANCE IMAGING ANALYSIS,PURPOSE: An apparatus and a method for controlling an LED emotional lighting based on functional magnetic resonance imaging analysis are provided to optimize illumination for sensibility. CONSTITUTION: Brain function activation database(110) is constructed by functional magnetic resonance imaging analysis. A control unit(120) outputs a control signal for the color temperature and the brightness of a lamp. An LED lighting unit(130) controls sensibility illumination. An LED lamp evaluation unit(140) performs questionnaire evaluation. A fuzzy unit(111) has a learning function. [Reference numerals] (110) Brain function activation database; (111) Fuzzy unit; (112) Adjustment unit; (120) LED lighting control unit; (130) LED lighting unit; (140) LED lamp evaluation unit(survey); (AA) Profile; (B1) Brain activation according to the lamp; (B2) Emotion modeling; (CC) Database update; (DD) Profile/schedule information input means; (EE) LED emotion lamp control system block diagram; (FF) Survey
89249700,7,0.810547,0,0,NOT_NOML,Electrocardiosignal individual sign recognition method based on characteristic distance distribution difference loss,"The invention provides an electrocardiosignal individual sign recognition method based on characteristic distance distribution difference loss. The method comprises the following steps: normalizing numerical values of electrocardiosignal fragments to be trained; correlating the electrocardiosignal fragments with the user numbers to which the electrocardiosignal fragments belong; randomly selecting a group of electrocardiosignals from the processed electrocardiosignal segments and recording numbers, wherein a second group of electrocardiosignals needs to select signals which are the same as and are not the same as the users to which the corresponding positions of the first group belong; performing feature extraction on the two groups of signals by using the same backbone network; the distribution difference loss based on the feature distance between the two sets of features is calculated, and backbone network parameters are continuously optimized through the loss; during application, the trained backbone network is utilized to extract features in a to-be-detected electrocardio sample and a user template sample library; calculating the feature distance representation between the to-be-measured electrocardio sample feature and each user template sample feature; and predicting a user to which the electrocardio sample to be detected belongs according to the calculated feature distance."
39916194,7,0.809082,2,0,REL_NOML,APPARATUS FOR PREVENTING CEREBRAL NERVOUS DISEASE,"<P>PROBLEM TO BE SOLVED: To provide an apparatus for preventing a cerebral nervous disease which can effectively massage the brain. <P>SOLUTION: By using ultrasonic oscillation generated by a pair of ultrasonic oscillators 4a, 4b alternately driving in a cycle non-synchronous with heart beat and a stereo-oscillation wave of music generated by a pair of musical oscillators 5a, 5b together, the brain is gently and effectively massaged without performing excessive head massaging. By the apparatus, the blood flow in a deep part of the head is promoted, and the rise and decay of the oscillation energy generated by the ultrasonic oscillators 4a, 4b are relieved by modulators, thus the oscillation impact on the head can be softened. <P>COPYRIGHT: (C)2009,JPO&INPIT"
37662640,7,0.808594,0,0,NOT_NOML,Multi channel approach to capture verification,"Methods and systems involve classifying the cardiac response to pacing using a multi-channel approach. Multiple cardiac response signals are sensed via multiple sense channels. Each sense channel comprises a distinct combination of electrodes and sensing circuitry. The cardiac response to the pacing pulse is classified based on the morphology of the cardiac response signals. Classifying the cardiac response involves discriminating between capture, fusion, non-capture, and non-capture with intrinsic activity."
43260738,7,0.807129,2,0,REL_NOML,Percutaneou transcutaneous electrical nerve stimulation pain therapeutic equipment modulated by music,"The invention provides percutaneou transcutaneous electrical nerve stimulation pain therapeutic equipment modulated by music, consisting of a machine box, a key circuit, a singlechip circuit, a boosted circuit, an output circuit, a voice frequency processing circuit and a power supply circuit. The therapeutic equipment generates an electrical pulse wave under the control of the singlechip circuit and uses favorite music of a patient output by MP3 to modulate, so that electrophotoluminescence pulse amplitude acting on a human body changes along with strength and weakness of the music, and left and right channels of the music respectively correspond to two path for outputting, so that two path output pulses are different. The synchronously act of a special percutaneou transcutaneous electrical nerve stimulation (TENS) electrical signal and the music selected by the patient improves curative efficacy. The variable stimulation solves adaptability and tolerance of an organism on TENS to the greatest extent, and also realizes the individual demand of analgesia."
61231686,7,0.805176,2,0,REL_NOML,Tinnitus treatment system using knife needle,"The present invention relates to a tinnitus treatment system using knife-based acupuncture to: enable an operator to perform surgery while looking inside ears of a patient; and add heat and electrical stimulation only to periosteum. More specifically, the present invention: treats tinnitus by using knife-based acupuncture having a predetermined width installed in a tinnitus therapy device including a hand piece connected to a high frequency generator, an image processing device, and a controller controlling the same; inserts the knife-based acupuncture, coated with an insulation material, into the inside of an ear by coating a blade and a body of the knife-based acupuncture with the insulation material; minimizes pain of a patient by preventing electrical stimulation from being added to ear muscles by cutting fat inside the ear with the knife blade part and directly adding high frequency electrical stimulation to periosteum through muscle; and maximizes the effect of tinnitus treatment as well as treats tinnitus safely by cutting a desired part using the tinnitus therapy device and adding heat and electrical stimulation only to periosteum while an operator watches the image of a monitor."
24859002,8,0.998047,2,0,REL_NOML,"Extradural leads, neurostimulator assemblies, and processes of using them for somatosensory and brain stimulation","This is directed to a neurostimulator assembly that is preferably implantable and is suitable for treating epilepsy and other neurological disorders. The assembly includes inventive leads that are suitable both for providing electrical somatosensory stimulation, extradurally applied, as well as electrical stimulation that is applied to the central nervous system. The leads are preferably also suitable for sensing electrical signals in the brain. The invention includes processes of using the neurostimulator and its leads. The neurostimulator may independently provide a variety of different electrical stimulation, e.g., non-responsive electrical stimulation signals applied to the central nervous system to reduce the likelihood of a seizure or other undesirable neurological even from occurring, electrical stimulation signals applied to the central nervous system when the neurostimulator determines that epileptiform waveforms are impending or extant, and extradural electrical somatosensory stimulation signals. The responsive electrical stimulation signal or signals are intended to terminate epileptiform activity, e.g., to desynchronize abnormally synchronous brain electrical activity."
34555753,8,0.99707,2,0,REL_NOML,Skull-mounted electrical stimulation system,"Systems and methods for applying electrical stimulation to the brain to treat headaches and neuralgia use at least one implantable system control unit (SCU), specifically an implantable signal/pulse generator (IPG) with one or more electrodes. The IPG is implanted in the skull and communicates with at least one external appliance, such as a Behind-the-Ear (BTE) unit. In a preferred embodiment, the system is capable of open- and closed-loop operation. In closed-loop operation, at least one SCU includes a sensor, and the sensed condition is used to adjust stimulation parameters."
83691713,8,0.996094,2,0,REL_NOML,USING EVOKED POTENTIALS FOR BRAIN STIMULATION THERAPIES,Methods and systems for providing stimulation to a patient's brain using one or more electrode leads implanted in the patient's brain are described. The methods and systems help a clinician determine locations upon the lead where stimulation is expected to provide the best therapeutic benefit and the least side effects. Different locations upon the lead are used to provide stimulation and for each stimulation location evoked potentials are recorded. The evoked potentials are associated with likely beneficial therapeutic stimulation. Signals indicative of unwanted motor activity in the patient are also recorded for each of the stimulation locations. The recorded evoked potential signals and motor signals are used to determine stimulation locations that provide therapeutic benefit with minimal side effects. They can also be used to determine therapeutic windows for the potential stimulation locations.
49710451,8,0.995605,2,0,REL_NOML,METHOD FOR ELECTROMAGNETIC STIMULATION OF CENTRAL AND PERIPHERAL NERVE SYSTEM,"FIELD: medicine.SUBSTANCE: invention refers to medicine, namely to neurosurgery and rehabilitation medicine. A principal stage of the surgical intervention is followed by placing at least one electrode for neuromodulation in an abnormal focus. In the postoperative period, the Kronlein - Brusova scheme is used to localise a projection of anterior central gyri on the head skin, and the transcranial Doppler sonography follows. The presence and location of the temporal and suboccipical window are stated. It is the temporal window the closest to a projection of the anterior central gyri that is selected. Local magnetic emitters are placed in projections of the selected temporal and suboccipital windows. That is combined with the local exposure to the magnetic field by means of the placed emitters and electric current through the electrodes for neurostimulation. The 10-15-minute stimulation is performed three times a day for 15-20 days.EFFECT: method provides higher clinical effectiveness and reduced risk of complications ensured by the combined electromagnetic stimulation of the adequately selected exposed areas.2 ex"
55851503,8,0.994141,2,0,REL_NOML,Transcutaneous neuromodulation system and methods of using same,"Neuromodulation systems are described comprising a signal generator and at least one electrode. The at least one electrode can be configured to deliver a stimulation to a mammal, wherein the stimulation includes a biphasic signal and an overlapping high frequency pulse thereby inducing voluntary movement in the individual. Methods of administering the stimulation are also described."
56714231,8,0.993164,2,0,REL_NOML,PERSONAL TRANSCRANIA DIRECT CURRENT STIMULATION MINIMIZING ABUSE,"The present invention relates to a transcranial direct current stimulation apparatus, which is a medical device using a non-invasive nerve stimulation method, and more specifically, to a transcranial direct current stimulation method of which a purpose is to conveniently and effectively use a personal transcranial direct current stimulation apparatus and to exclude side effects, and implementation of an electrode system of the personal transcranial direct current stimulation device. To this end, the personal transcranial direct current stimulation apparatus of the present invention comprises: a stimulation contact unit consisting of a plurality of electrodes which are in contact with a region of a head of a user; an electrode fixing unit consisting of two joints in order to attach each electrode of the stimulation contact unit to the head of a user; a control unit for determining polarity of the electrodes of the stimulation contact unit, and adjusting a direct current corresponding to each of the electrodes; and a stimulation generation unit for generating stable direct current corresponding to the polarity of each electrode determined in the control unit. Particularly, the personal transcranial direct current stimulation apparatus changes a current stimulation of the stimulation generation unit to a false stimulation when a stimulation use time of the user is examined through the control unit and excessive use is sensed. Accordingly, the personal transcranial direct current stimulation apparatus uses the stimulation contact unit having a plurality of electrodes of which polarity can be converted and the electrode fixing unit using two joints, thereby providing a method that a user can easily fix stimulation electrodes to a head thereof. Also, the personal transcranial direct current stimulation apparatus controls the stimulation generation unit by using the control unit, wherein, when excessive use is sensed, a false stimulation is supplied to protect the user from side effects induced by an excessive stimulation."
82547212,8,0.991699,2,0,REL_NOML,METHODS AND SYSTEMS FOR ESTIMATING NEURAL ACTIVATION BY STIMULATION USING A STIMULATION SYSTEM,A method for estimating neural activation arising from stimulation by a stimulation system includes identifying different neural elements stimulated by the stimulation; obtaining a neural response signal resulting from the stimulation by the stimulation system; and decomposing the neural response signal to estimate neural activation of each of the different neural elements.
79734110,8,0.990234,2,0,REL_NOML,"Novel elastic electroencephalogram dry electrode with high comfort, electroencephalogram equipment and application system","The invention discloses a novel elastic electroencephalogram dry electrode with high comfort, which comprises an electrode base and a plurality of dry electrode units fixedly arranged on the electrode base, wherein each dry electrode unit comprises an elastic supporting element and at least one electrode probe element, one end of each elastic supporting element is fixed on the electrode base, the other end of the elastic supporting element is connected with the electrode probe element, and the electrode probe element is used for being in contact with scalp to collect electroencephalogram signals; the elastic supporting element is used for transmitting the electroencephalogram signals; and the electrode base comprises an electrode substrate element, an electrode unit fixing element and an electrode displacement limiting element and is used for obliquely fixing the dry electrode unit and transmitting the acquired electroencephalogram signals to a data processing module. The electroencephalogram dry electrode does not need to be coated with a conducting medium, high-quality acquisition of signals can be guaranteed during long-time monitoring, and the electroencephalogram dry electrode is convenient to use; and the contact surface of the electrode probe element and the scalp is a curved surface, so that the discomfort in use is reduced, and the comfort of user experience is improved."
45400282,8,0.989258,2,0,REL_NOML,Envelope specific stimulus timing,An implantable stimulation arrangement is described for generating electrode stimulation signals for an implanted electrode array having stimulation electrodes. A filter bank pre-processor processes an input acoustic audio signal to generate band pass signals each corresponding to an associated band of audio frequencies. A signal envelope module computes a corresponding signal envelope for each band pass signal. A stimulation pulse generator extracts stimulation signal information from the rate of change of the signal envelopes such as a time-based derivative to generate stimulation event signals defining electrode stimulation timings and amplitudes for some or all of the stimulation electrodes.
24119774,8,0.98877,2,0,REL_NOML,NEUROCYBERNETIC PROSTHESIS,"NEUROCYBERNETIC PROSTHESIS A neurocybernetic prosthesis for controlling or preventing epileptic seizures and other motor disorders includes a pulse generator (10) which generates electrical pulses having a frequency of between 30 and cycles per second, a pulse duration of between .3 and 1 millisecond and a constant current of between 1 and 10 milliamperes. The generator (10) is enclosed in an epoxy-titanium shell and is implanted in the body, preferably in the axilla (66). Electrode leads (18, 20) pass from the generator (10) through a sub cutaneous tunnel and terminate in an electrode patch (62) on the vagus nerve (26). Provisions are made for varying the electrical signal. from the generator (10) after it has been implanted to 'tune' the same to the patient. The prosthesis may be designed to be turned on manually when the patient senses the imminence of a convulsion. Alternatively, sensors (48, 50) may be provided for determining changes in the values of state parameters such as electroencephalographic waves which precede a convulsion. The pulse generator (10) can then be turned on automatically in response to the sensors (48, 50)."
70649217,8,0.988281,2,1,REL_ML,Epilepsy diagnosis device based on single-channel electroencephalogram signals and convolutional neural network,"The invention relates to an epilepsy diagnosis device based on single-channel electroencephalogram signals and the convolutional neural network. The epilepsy diagnosis device comprises a preprocessingmodule, a model constructing and training module and a model structure and hyper-parameter adjustment module, wherein the model constructing and training module comprises a binary model constructed based on the convolutional neural network, a nonlinear activation layer, a pooling layer adopting a mode of maximal pooling and fully connected layers; the 3 convolutional layers, 1 pooling layer and 3continuous fully connected layers are used, and activation function is used in the convolutional layers and the fully connected layers; and before data is delivered into the fully connected layers, multi-dimensional data is compressed to be one-dimensional by using a Flatten layer, the activation function after the first two fully connected layers is ReLU, while the activation function after thethird fully connected layer is Softmax, and the last 2 output units show classification of normal electroencephalogram and epileptic electroencephalogram signals; and the model constructing and training model is trained by using a 10-fold cross validation mode."
66734774,8,0.987305,2,0,REL_NOML,"Systems, devices and methods using phase-amplitude coupling measures in implantable medical devices","A sensor of an implantable medical device senses electrical activity of the brain. A data analyzer of the device monitors an electrographic signal corresponding to the electrical activity of the sensed brain signal, and processes the brain signal to obtain a measure of phase-amplitude coupling. For a selected portion of the electrographic signal, the data analyzer detects first features and second features of the electrographic signal. The first features represent oscillations in a low frequency range, while the second features represent oscillations in a frequency range higher than the low frequency range. For example, the low frequency range may correspond to theta frequency and the higher frequency range may correspond to gamma frequency. The data analyzer determines a measure of phase-amplitude coupling between oscillations in the low frequency range and oscillations in the higher frequency range based on occurrences of second features which coincide with first features."
74292609,8,0.986816,2,0,REL_NOML,And nerve stimulation electrode and nerve stimulation system,"The utility model provides a nerve stimulation electrode and a nerve stimulation system. The nerve stimulation electrode comprises a far-end electrode assembly, a middle-section wire and a near-end connector which are connected in sequence. The far-end electrode assembly comprises a plurality of first electrodes arranged at intervals and first wires electrically connected with the first electrodes. The near-end connector comprises a plurality of second electrodes arranged at intervals and second wires electrically connected with the second electrodes. The middle-section wire comprises a thirdwire, the far end of the third wire is connected with the near end of the first wire, and the exterior of the first connecting part between the third wire and the first wire is sleeved with a first fixing ring; the near end of the third wire is connected with the far end of the second wire; and a second fixing ring is sleeved outside the second connecting part between the third wire and the secondwire. According to the utility model, the electrode structure is flexibly combined according to requirements, electrodes with different structures in different sections can be manufactured conveniently, the electrode connecting point is protected, and the mechanical property and reliability of the electrode connecting part are improved."
79931117,8,0.986816,2,1,REL_ML,Closed-loop transcutaneous electrical stimulation device based on electroencephalogram feedback,"The invention relates to a transcutaneous electrical stimulation control device and method based on electroencephalogram. The device comprises a transcutaneous electrical stimulation module 1, a moxibustion control module 2, an electroencephalogram measurement module 3, an infrared imaging camera 4, a servo feedback control computer 5, a camera support 6 and a moxibustion clamping manipulator 7; a rehabilitation system of a treated person can be better stimulated by combining transcutaneous electrical stimulation with moxibustion of specific acupuncture points; an infrared temperature measuring camera is adopted to shoot facial meridian temperature characteristic changes of a stimulated person, electroencephalogram characteristic changes of the stimulated person are collected in real time, electrical stimulation parameters and moxibustion intensity and routes are adjusted in a closed-loop and real-time mode, and the treatment period of a patient can be greatly shortened; and real-time electroencephalogram and face infrared image features and current stimulation parameters are sent into a deep neural network to train an organism response mathematical model of the stimulated person, then the stimulation parameters are accurately adjusted according to the mathematical model, the rehabilitation process of a patient is accelerated, the better treatment effect is achieved, and the treatment time is shortened."
46053366,8,0.986328,2,0,REL_NOML,NERVE STIMULATION DEVICE,"PROBLEM TO BE SOLVED: To provide a nerve stimulation device which performs accurate nerve stimulation by preventing erroneous detection of nerve stimulation pulse transmitted through a living body as heart rate.SOLUTION: The nerve stimulation device includes a nerve stimulation output section 17 generating stimulation pulses for stimulating the vagus nerve, a heart rate detection section 11 detecting electric signals from the heart and generating an electrocardiographic waveform, a correction pulse storing section 15 storing a noise waveform included in the electrocardiographic waveform generated by the heart rate detection section 11, and a signal coupling section 12 correcting the electrocardiographic waveform generated by the heart rate detection section 11 using the noise waveform stored in the correction pulse storing section 15 and generating a corrected electrocardiographic waveform. The nerve stimulation output section 17 generates stimulation pulses on the basis of the corrected electrocardiographic waveform generated by the signal coupling section 12."
90037728,8,0.98584,2,0,REL_NOML,Nerve stimulation method and device and electronic equipment,"The invention provides a nerve stimulation method and device and electronic equipment, and is applied to a nerve stimulator, and the method comprises the steps: obtaining an acceleration signal of a patient through an acceleration sensor, obtaining a gyroscope signal of the patient through a gyroscope sensor, carrying out the fusion processing of the acceleration signal and the gyroscope signal, and obtaining a fusion signal of the patient; a heart rate and blood oxygen signal of the patient is obtained through a heart rate and blood oxygen sensor; determining a stimulation pattern of the patient based on the fused signal and the heart rate blood oxygen signal; the patient is neurostimulated based on the stimulation pattern. An acceleration signal and a gyroscope signal of a patient are fused to obtain a fused signal for respiration detection, and the signal quality can be improved; the heart rate and blood oxygen signals of the patient are obtained according to the heart rate and blood oxygen sensor, the intensity of nerve stimulation can be optimized, and therefore closed-loop stimulation of multi-sensor fusion is achieved."
53236176,8,0.985352,2,0,REL_NOML,Wearable electroencephalogram acquisition device,"The invention discloses a wearable electroencephalogram acquisition device. After the device is worn on the head of a user, an electroencephalogram signal of the user is extracted by a surface electrode on the device, then the extracted electroencephalogram signal is input to a dual channel analog front end and is subjected to filtering, amplification and analog-digital conversion in sequence; a digitalized electroencephalogram signal is obtained and is input to a wireless transceiver, and the wireless transceiver packages the digitalized electroencephalogram signal and sends the signal to terminal equipment by a built-in radio frequency antenna. In a specific processing process, the kernel of the wireless transceiver processes a quantized signal and feeds back to an analog front end in real time for adjusting the work state of equipment, and the high-efficiency and low-power-consumption acquisition and transmission of the electroencephalogram signal is ensured."
65444374,8,0.985352,2,0,REL_NOML,SYSTEMS AND METHODS FOR DETERMINING NEUROMODULATION PARAMETERS,"This document discusses, among other things, systems and methods for providing pain relief to a patient. Recording circuitry may receive electrical signals corresponding to evoked compound action potentials in the patient that may be produced in response to external stimulation of a location where the patient is experiencing pain. The received electrical signals may be stored in a memory. Internal stimulation may then be applied to the patient and control circuitry may receive electrical signals corresponding to evoked compound action potentials in the patient that may be produced in response to the internal stimulation. The control circuitry may then adjust electrical parameters of the internal stimulation, such as to reduce a difference between the electrical signals corresponding to evoked compound action potentials produced in response to the internal stimulation and electrical signals corresponding to evoked compound action potentials produced in response to the external stimulation."
58290380,8,0.984375,2,0,REL_NOML,Non-attention event related potential brain-computer interface method for color sense automatic identification,"The invention relates to a non-attention event related potential brain-computer interface method for color sense automatic identification. The method includes the following steps: connecting an event related potential processing device and an amplifier for detecting an electroencephalogram signal and a multi-lead electrode cap; setting a color sense stimulation parameter of a color stimulation picture for a user in the event related potential processing device; performing acoustic stimulation on the user while performing color sense stimulation on the user; acquiring an original electroencephalogram signal of a non-attention event related potential of the user in the process; and using the event related potential processing device to process and analyze the original electroencephalogram signal to acquire a time sequence specific components generated by different color sense sequence stimulations, and establishing the non-attention event related potential brain-computer interface for color sense automatic identification according to these specific components. The established color sense ERP non-attention processing brain-computer interface can provide a new technical mean for brain-computer interaction of color sense automatic identification and a color sense objective detection function, and can overcome the defects of user subjective cooperation."
54505767,8,0.983887,2,0,REL_NOML,Device is blocked to neural signal of implanted,"The utility model provides a device is blocked to neural signal of implanted, including the flexible substrate that curls to and first kraft electrode, second kraft electrode, the signal processing module of setting at the curling surface of the substrate of flexibility. Signals's neural beam source end or title near -end are placed in to first kraft electrode, and the distal end of nerve tract is placed in to second kraft electrode. Adopt first kraft electrode to detect the motion nerve impulse signal that arouses the muscle spasm or arouse painful sensory nerve action potential signal, enlarge it, and carry out necessary delay according to the propagation velocity of action potential in the neuron to the signal after enlargeing, the reversal, make it to arrive at action potential before ' interception ' place, the appearance is on second kraft electrode, thereby realize offsetting the action potential signal in applying the neural section of blocking, reach the mesh of eliminating muscle spasm or painful sensation."
55701375,8,0.983887,2,0,REL_NOML,THE METHOD OF STIMULATION OF FACIAL MUSCLES OF THE FACE IN THE DEFEAT OF THE FACIAL NERVE IN THE EXPERIMENT,"The method of stimulation of facial muscles of the face in the defeat of the facial nerve in the experiment by rehabilitation techniques, and with unilateral facial nerve lesion direct stimulation of facial muscles (such as the circular eye muscle type of feedback) using bioelectric device is fully implanted under the skin, with electrodes sewed into the corresponding facial muscles on the side paralysis and to stimulate a healthy direction for removal of Paterna trigger a flashing stimulation, and stimulation parameters are selected individually at different times after the implantation."
53540035,8,0.983398,2,0,REL_NOML,Minimally invasive nerve monitoring device and method,"A neural monitoring device includes a stimulator configured to provide a stimulus, a mechanical sensor configured to generate an output signal corresponding to a sensed event, and a receiver configured to receive an output signal from the mechanical sensor and determine if the output signal corresponds to the stimulus provided by the stimulator."
32033052,8,0.981934,2,0,REL_NOML,Functional neuromuscular stimulation system,"An input command controller (A) provides logic function selection signals and proportional signals. The signals are generated by movement of a ball member (12) and socket member (14) relative to two orthogonal axes. When the joystick is implanted, a transmitter (50) transmits the signals to a patient carried unit (B). The patient carried unit includes an amplitude modulation algorithm such as a look-up table (124), a pulse width modulation algorithm (132), and an interpulse interval modulation algorithm (128). The algorithms derive corresponding stimulus pulse train parameters from the proportional signal which parameters are transmitted to an implanted unit (D). The implanted unit has a power supply (302) that is powered by the carrier frequency of the transmitted signal and stimulation pulse train parameter decoders (314, 316, 318). An output unit (320) assembles pulse trains with the decoded parameters for application to implanted electrodes (E). A laboratory system (C) is periodically connected with the patient carried unit to measure for changes in patient performance and response and reprogram the algorithm accordingly. The laboratory system also performs initial examination, set up, and other functions."
95848099,8,0.981445,2,1,REL_ML,"Electroencephalogram signal identity recognition method, medium and equipment","The invention discloses an electroencephalogram signal identity recognition method, a medium and equipment, and relates to the technical field of electroencephalogram signal recognizing.The method comprises the steps that an electroencephalogram signal classification model is constructed, and the electroencephalogram signal classification model comprises a dynamic time-frequency deep convolution layer, a sliding window, a multi-head self-attention mechanism and deep separable causal convolution; based on federal learning, training the electroencephalogram signal classification model at a plurality of clients, and performing parameter updating on the models of the plurality of clients trained in each round by the server until the models converge; and using the trained model to classify the electroencephalogram signals. According to the method, accurate identification of the EEG signal of the user is realized, and the data security and privacy protection are enhanced."
90544988,8,0.976074,2,0,REL_NOML,Implantable neural microelectrode and manufacturing method thereof,"The invention provides an implantable neural microelectrode and a manufacturing method thereof, and the manufacturing method comprises the steps: preparing a hard substrate (1), the upper surface of the hard substrate (1) is provided with a plurality of first interfaces, and the first interfaces are arranged in an array mode; all the first interfaces of the hard substrate (1) are aligned with a plurality of through holes in a first preset area of the adapter plate (2), all the first interfaces are tightly embedded in all the through holes through the gold wire pressure welding technology, and the first preset area is located at the first end (21) of the adapter plate (2); a metal wire array (3) is manufactured through the gold wire pressure welding technology, the metal wire array (3) is composed of a plurality of metal wires, the metal wires are perpendicular to the plane where the adapter plate (2) is located, one end of each metal wire is welded to the corresponding first interface through the through hole of the adapter plate (2) by means of the gold wire pressure welding technology, and the other end, not welded, of each metal wire is used for receiving neural signals."
82742940,8,0.974609,2,0,REL_NOML,DEVICE FOR STIMULATION OF EYE ACTIVITY,"A device for stimulating one or more eye functions of individual's eye is presented. The device comprises a stimulator configured to be incorporated in or mountable on an appliance attachable to individual's face and comprising a respective at least one stimulator arrangement. The stimulator arrangement defines an interface region for covering a region of interest on the individual's face in a vicinity of the respective individual's eye, and comprises a local controller for operating the stimulator arrangement(s) to apply a stimulating effect on one or more nerves in the region of interest to affect at least one predetermined eye function. The stimulator arrangement comprises an array of individually operable stimulating elements to generate a stimulating signal at a respective location of the stimulating element within the interface region. The local controller activates a predetermined individual-specific sub-array of the stimulating elements during a stimulation session, where locations of the stimulating elements of the sub-array provide a desired spatial pattern of the stimulating effect to be applied while avoiding applications of the stimulating effect outside said locations within the interface region."
6482548,8,0.973633,2,0,REL_NOML,Method and device for neuromagnetic stimulation,"In a method and a device for neuromagnetic stimulation of nerve strands, a magnetic field with a magnetic inductance B and at least one focussed ultrasound beam are applied simultaneously. The magnetic field is arranged orthogonally to the direction of ultrasonic oscillation. A focus having a diameter of about 1 cm is produced. The relatively strong fields required for effective and selective stimulation can thus be directed on to a single nerve bundle or a single central nerve region. Unintentional stimulation of adjacent nerve regions is prevented. <IMAGE>"
93255946,8,0.973633,2,0,REL_NOML,BRAIN EXCITABILITY MONITORING AND MODULATION DEVICE AND METHOD,"The present disclosure provides a real-time neuro-modulation wearable device configured to monitor and modulate a brain excitability level or maintain a favorable brain state of the user wearing the device. The device may include a pair of earpieces including a photoelectric module with a plurality of sensors configured to measure vital signs of the user, wherein the vital signs may be a blood oxygen saturation level, a heart rate, and a temperature of the user; a pair of surface electrodes placed behind ears of the user and configured to record an electroencephalogram with a reference electrode placed on a nasal bone of the user and configured to act as an electroencephalogram potential ground; an eyes cover; and a plurality of neural pathways stimulation means including visual and auditory stimulation means. There is also provided a method of monitoring and modulating a brain excitability level, or maintaining a favorable brain state using the wearable device."
59018695,8,0.972656,2,0,REL_NOML,Neurotrophic electrode system,"A neurotrophic electrode system includes a non-conductive cone, a multi-channel electrode assembly, a dielectric ribbon and a neurite-attracting substance disposed within the cone. The non-conductive cone consists essentially of a material that is stable in a neural environment and defines a cavity. The cavity opens to a small opening at a first end of the cone and opens to a large opening at a second end of the cone that is opposite the first end. The multi-channel electrode assembly includes at least two recording sites that are disposed within the cavity defined by the cone. Each recording site is coupled to a wire that extends out of the large end of the cone. Each wire ends in a connection pad. The dielectric ribbon encases all of the wires but exposes each recording site and exposes each connection pad."
89577541,8,0.97168,2,0,REL_NOML,BURST STIMULATION PATTERN FOR NEUROMODULATION,The application discloses methods of ensuring pelvic health and/or treating a disease or disorder characterized by a dysfunctional autonomous nervous system in a subject with neuromodulation. The methods are characterized by the application of a burst stimulation pattern comprising a plurality of groups of electric pulses of high frequencies to the subject.
91533845,8,0.97168,0,0,NOT_NOML,Wearable stimulation electrode assembly with adjustable electrical stimulation area,"The utility model discloses a wearable stimulation electrode assembly with an adjustable electrical stimulation area. A wearable stimulation electrode assembly with an adjustable power supply stimulation area comprises an elastic bandage, and the end of the elastic bandage is detachably connected through a hook-and-loop fastener. The device further comprises a stimulating electrode, the stimulating electrode comprises an insulating base, the insulating base is detachably connected with an elastic bandage, and an operation hole used for wiring is formed in the elastic bandage. The stimulating electrode further comprises a sheet-shaped electrode and an electric needle, the electric needle and the sheet-shaped electrode which are arranged inside and outside are mounted on the insulating base, and an insulating layer is arranged between the electric needle and the sheet-shaped electrode; the insulating base is provided with a through hole used for being in sliding connection with an electric needle. The stimulating electrode is provided with the sheet-shaped electrode and the electric needle at the same time, so that switching use of two different electrical stimulation areas, namely the sheet-shaped electrode and the electric needle, is conveniently realized."
84501364,8,0.970703,2,0,REL_NOML,"Flexible nerve probe implantation structure, preparation method and implantation equipment","The invention relates to the technical field of brain-computer interfaces, in particular to a flexible nerve probe implantation structure, a preparation method and implantation equipment. The structure comprises a flexible nerve probe and a hardened coating, the hardened coating comprises a coating part and at least one fixing part; the coating part is arranged on at least part of the surface of the flexible nerve probe, and the coating part is used for improving the rigidity of the flexible nerve probe; the flexible nerve probe comprises an implantation tail end, and the position of the fixing part corresponds to the position of the implantation tail end; the coating part and the fixing part are integrally formed. By arranging the hardened coating on the outer surface of the flexible nerve probe, the rigidity of the flexible nerve probe is improved, so that the flexible nerve probe can be implanted without depending on an implantation carrier, and damage to brain tissue can be reduced. Besides, the structure of the hardened coating is designed, so that the hardened coating is provided with a fixing part capable of being matched with implantation equipment, and the implantation complexity of the flexible nerve probe can be reduced."
69125023,8,0.970215,2,0,REL_NOML,Newborn electroencephalogram electrode cap,"A newborn electroencephalogram electrode cap effectively solves the problems that an existing medical electroencephalogram electrode cap cannot be freely adjusted according to the size of the head ofa patient, and a conventional electrode slice fixing mode is prone to falling off. Including a plurality of arcuate strips, every two adjacent arc-shaped strips are connected through elastic cloth. The front arc-shaped strip and the rear arc-shaped strip are connected through a plurality of longitudinal elastic bands; the two ends of each longitudinal elastic belt can slide left and right at the upper end of the arc-shaped strip; the left arc-shaped strip and the right arc-shaped strip are connected through a plurality of transverse elastic bands; two ends of each transverse elastic band can slide back and forth on the outer edge surface of the transverse elastic band; the longitudinal elastic bands and the transverse elastic bands are arranged in a staggered mode and are in a net shape. Each longitudinal elastic band and each transverse elastic band are connected with a plurality of electrode fixing blocks in a sliding mode through rubber rings, the lower side of each electrode fixingblock is provided with a conical groove capable of being matched with a protrusion at the rear end of an electrode slice, and the electrode slice fixing device is simple in structure, convenient to operate, novel in concept and high in practicability."
17409160,8,0.967773,2,0,REL_NOML,METHOD AND APPARATUS FOR MEASURING BRAIN WAVES,"PURPOSE:To provide method and apparatus for measuring brain waves by which a subject can easily perceive a state of the brain waves of one's self in a real time manner while measuring the brain waves. CONSTITUTION:A brain wave input section 1 receives, amplifies, and A/D converts brain waves as changes of potential and, after that, the brain data is sent to a brain wave analyzing section 2. The brain wave analyzing section 2 performs a DFT conversion to the received brain wave data and identifies kinds of the brain waves. A control section 6 forms identification signals of the brain waves form the kinds of brain waves identified by the brain wave analyzing section for sending to a sound ringing section 3, a vibration producing section 5, a video image producing section 7, and a light emitting section 4 and sends those signals to each of the emitting sections. Each of the producing sections produces the identification signal of the brain waves which was sent."
85394088,8,0.967773,2,0,REL_NOML,Electroencephalogram cap,"The utility model provides an electroencephalogram cap which comprises a hemispherical electroencephalogram cap body, a dry electrode sensor fixed according to the positions of O1, O2, P3, P4, Pz, T3, T4, T5 and T6 electrodes in an international 10/20 system, three meridians for placing the dry electrode sensor, meridian fixing locks for fixing the three meridians, a non-in-ear earphone, a storage device and a data line. The two ends of each longitude line are respectively fixed at the longitude line fixing locks on the upper sides of the two ears, the non-in-ear earphone is connected with the lower ends of the longitude line fixing locks, and a playing device is arranged in the non-in-ear earphone; the dry electrode sensor is connected with a storage device arranged behind the brain; one end of the data line is connected with the storage device, and the other end of the data line is a data interface. According to the electroencephalogram cap, the positions of the electrodes are simplified, the wearing complexity is simplified, a voice stimulation screening function is provided, extra detection personnel do not need to be provided, independent electroencephalogram data storage is provided, and electroencephalogram data can be transmitted to an external computer in real time to be processed."
42981587,8,0.966797,2,0,REL_NOML,Method for Implanting Electrode on Nerve,"Methods and devices for implanting an electrode near a nerve covered by a tissue layer or layers. Methods can include cutting through a tissue layer covering the nerve to form at least two exposed pleural tissue layer edges. The nerve can be freed from any tissue around the nerve and the electrode placed around the nerve. The pleura edges can be drawn toward each other to cover the nerve and the edges secured together. Some methods form two tissue flaps which are pulled away from each other to expose the nerve. Other methods form a single tissue flap which extends over the nerve and is pulled back to expose the nerve. The now covered nerve is protected against movement of tissues near the now covered nerve. Such methods find one use in placing electrodes near the splanchnic nerves in the thoracic cavity, where the lung and diaphragm may contact an exposed electrode."
46491417,8,0.963379,2,0,REL_NOML,NEURAL ACTIVITY MEASUREMENT SYSTEM,"The present invention provides a neural activity measurement system for measuring the electrical response of a neuron itself to achieve an electrical measurement of the neural activity itself, by providing a stimulator for applying an electrical stimulus to the neuron, as well as a Kelvin probe including a cantilever for detecting the electrical signal propagated through the neuron."
68944483,8,0.962891,2,0,REL_NOML,SYSTEM FOR PROVIDING STIMULATION,"A system (10, 110, 210) for providing neurostimulation, comprising at least one stimulation element (12, 112, 212), the stimulation element (12, 112, 212) being configured to provide stimulation to a least one tendon and/or muscle of a patient (P).The present invention further relates to the use of a system according to the present invention for providing stimulation and a method for providing neurostimulation."
72422972,8,0.961914,2,0,REL_NOML,Systems and methods for online spike recovery for high-density electrode recordings using convolutional compressed sensing,Systems and methods for performing online spike recovery from multi-channel electrophysiological recordings in accordance with various embodiments of the invention are described. One embodiment of a method of performing online spike recovery from multi-channel electrophysiological recordings includes: determining a set of waveform templates; continuously obtaining multi-channel electrophysiological recordings using a multi-channel electrode; and automatically performing online spike recovery from the multi-channel electrophysiological recordings using a processing system that performs a method for sparse signal recovery that continuously adjusts a processing buffer size based upon newly obtained multi-channel electrophysiological recordings.
65139879,8,0.959473,2,0,REL_NOML,Neural detection instrument,"The utility model discloses a neural detection instrument, including surveying needle and current generator, the detection needle is used for inserting human interior nerve with the people and contacts, current generator is used for sending stimulation current, survey the needle and be connected with the current generator electricity, in surveying the stimulation current of needle receipt currentgenerator output and spreading into the nerve into, current generator includes the shell and sets up the current circuit in the shell, the current circuit includes power, vibration generating circuitand amplitude regulator circuit. The utility model discloses a neural detection instrument through the setting of amplitude regulator circuit, just can effectually adjust the last amplitude of surveying the electric current in the needle of exporting, so alright carry out the effect adjusted to the electric current of final output with effectual realization, so just can be fine be applicable to different people's organism, reduced neural detection instrument's use cost."
69526426,8,0.959473,2,1,REL_ML,ELECTROENCEPHALOGRAM-BASED NEGATIVE EMOTION RECOGNITION METHOD AND SYSTEM FOR AGGRESSIVE BEHAVIOR PREDICTION,"The present invention discloses an electroencephalogram (EEG)-based negative emotion recognition method and system for aggressive behavior prediction. The method includes: conducting processing and feature extraction on obtained sample data to obtain an initial emotion sample feature vector, where the sample data includes EEG signals generated by stimulating healthy subjects in multiple negative emotion stimulation modes and a negative emotion stimulation mode corresponding to each EEG signal; training a deep neural network based on the initial emotion sample feature vector, and determining a middle-layer feature of a trained deep neural network model as an optimized sample feature vector; training a classifier according to the optimized sample feature vector and the initial emotion sample feature vector to determine a negative emotion recognition and classification model; and processing an EEG signal of a subject, and recognizing a negative emotion of the subject according to a processed EEG signal of the subject and the negative emotion recognition and classification model. The present invention can increase an EEG-based classification and recognition rate of emotions, so as to avoid and prevent an aggressive behavior. Obtain sample data 101 Preprocess EEG signals in the sample data Conduct feature extraction on preprocessed sample data to 103 obtain an initial emotion sample feature vector Train a deep neural network based on the initial emotion sample feature vector and a negative emotion stimulation mode corresponding to the initial emotion sample feature, to obtain a 104 trained deep neural network model, and determine a middle layer feature of the trained deep neural network model as an optimized sample feature vector Train a classifier according tothe optimized sample feature vector and the initial emotion sample feature vector to 105 determine a negative emotion recognition and classification model Obtain and process an EEG signal of a subject Recognize a negative emotion of the subject according to a 107 processed EEG signal of the subject and the negative emotion recognition and classification model"
78767640,8,0.958984,2,0,REL_NOML,SUBCUTANEOUS DEVICE,"A subcutaneously implantable device includes a housing, a clip attached to a top side of the housing, and an electrode. The clip is configured to anchor the device to a muscle, a bone, and/or a first tissue. The electrode is configured to contact an organ, a nerve, the first tissue, and/or a second tissue. Circuitry in the housing is in electrical communication with the electrode and is configured to sense an electrical signal from the organ, the nerve, the first tissue, and/or the second tissue through the electrode; deliver electrical stimulation to the organ, the nerve, the first tissue, and/or the second tissue through the electrode; and/or deliver a signal to a drug pump to provide a targeted or systemic therapeutic drug to the organ, the nerve, the first tissue, and/or the second tissue."
18954785,8,0.958496,2,0,REL_NOML,"ELECTRODE MEMBER FOR RETINAL STIMULATION, AND ARTIFICIAL RETINAL DEVICE USING THE ELECTRODE MEMBER","An electrode member for retinal stimulation capable of focusing an actually transmitted picture image without pressing a retina over an unnecessarily wide range, and an artificial retinal device using the electrode member; the electrode member (1), comprising electrodes (2) disposed vertically and laterally in a matrix, support parts (3) for holding the electrodes (2) at specified positions, and fixing pins (4) for fixing the support parts (3) to a strong film (A) at four corners, the fixing pins (4) further comprising positioning projected parts (5) allowing the tip portions (2A) of the electrodes (2) to come into contact with a retinal ganglionic retina (C) when the support parts (3) are fixed onto the retina and stopping the entire surface of the opposed surface (3A) to come into contact with the retina (F), wherein the electrodes (2) are installed in needle shape projectedly from the opposed surfaces (3A) of the support parts (3) to the retina (F)."
45541064,8,0.950195,2,0,REL_NOML,EVOKED STAPEDIUS REFLEX THRESHOLD (ESRT) TILE ELECTRODE,An electrode arrangement is described for sensing electrical activity in target tissue. An inner electrode has an elongate electrode body formed as a cylindrical section with an inner penetrating end for insertion into the stapedius muscle target tissue. An outer electrode fits over the inner electrode and an outer penetrating end for insertion into the target tissue. The two electrodes are joined together with their electrode bodies in parallel so that the penetrating ends of the electrodes penetrate in the same direction into the target tissue to sense electrical activity in the target tissue.
